# Pathway	ERR11869409_humann_input_Abundance
UNMAPPED	0.305785
UNINTEGRATED	0.647225
UNINTEGRATED|unclassified	0.494697
UNINTEGRATED|g__Alistipes.s__Alistipes_putredinis	0.0532889
UNINTEGRATED|g__Adlercreutzia.s__Adlercreutzia_equolifaciens	0.0155761
UNINTEGRATED|g__Asaccharobacter.s__Asaccharobacter_celatus	0.0129159
UNINTEGRATED|g__Anaerostipes.s__Anaerostipes_hadrus	0.00977917
UNINTEGRATED|g__Alistipes.s__Alistipes_finegoldii	0.00888148
UNINTEGRATED|g__Agathobaculum.s__Agathobaculum_butyriciproducens	0.00835304
UNINTEGRATED|g__Alistipes.s__Alistipes_onderdonkii	0.00805737
UNINTEGRATED|g__Alistipes.s__Alistipes_shahii	0.00694892
UNINTEGRATED|g__Alistipes.s__Alistipes_indistinctus	0.00270392
UNINTEGRATED|g__Alistipes.s__Alistipes_timonensis	0.000377912
DTDPRHAMSYN-PWY: dTDP-&beta;-L-rhamnose biosynthesis	0.000597993
DTDPRHAMSYN-PWY: dTDP-&beta;-L-rhamnose biosynthesis|unclassified	0.000488867
DTDPRHAMSYN-PWY: dTDP-&beta;-L-rhamnose biosynthesis|g__Alistipes.s__Alistipes_putredinis	5.16766e-05
DTDPRHAMSYN-PWY: dTDP-&beta;-L-rhamnose biosynthesis|g__Alistipes.s__Alistipes_shahii	1.73716e-05
DTDPRHAMSYN-PWY: dTDP-&beta;-L-rhamnose biosynthesis|g__Alistipes.s__Alistipes_indistinctus	1.13315e-05
DTDPRHAMSYN-PWY: dTDP-&beta;-L-rhamnose biosynthesis|g__Alistipes.s__Alistipes_finegoldii	8.50877e-06
DTDPRHAMSYN-PWY: dTDP-&beta;-L-rhamnose biosynthesis|g__Alistipes.s__Alistipes_onderdonkii	8.4486e-06
DTDPRHAMSYN-PWY: dTDP-&beta;-L-rhamnose biosynthesis|g__Anaerostipes.s__Anaerostipes_hadrus	2.31124e-06
DTDPRHAMSYN-PWY: dTDP-&beta;-L-rhamnose biosynthesis|g__Alistipes.s__Alistipes_timonensis	1.00904e-06
PWY-5686: UMP biosynthesis I	0.000524937
PWY-5686: UMP biosynthesis I|unclassified	0.000381738
PWY-5686: UMP biosynthesis I|g__Alistipes.s__Alistipes_putredinis	5.31849e-05
PWY-5686: UMP biosynthesis I|g__Adlercreutzia.s__Adlercreutzia_equolifaciens	2.04959e-05
PWY-5686: UMP biosynthesis I|g__Asaccharobacter.s__Asaccharobacter_celatus	1.8579e-05
PWY-5686: UMP biosynthesis I|g__Alistipes.s__Alistipes_onderdonkii	6.81029e-06
PWY-5686: UMP biosynthesis I|g__Alistipes.s__Alistipes_finegoldii	5.21009e-06
PWY-5686: UMP biosynthesis I|g__Alistipes.s__Alistipes_indistinctus	5.0631e-06
PWY-5686: UMP biosynthesis I|g__Anaerostipes.s__Anaerostipes_hadrus	3.19619e-06
PWY-5686: UMP biosynthesis I|g__Agathobaculum.s__Agathobaculum_butyriciproducens	2.36537e-06
PWY-5686: UMP biosynthesis I|g__Alistipes.s__Alistipes_timonensis	7.16287e-07
PWY-7790: UMP biosynthesis II	0.000524937
PWY-7790: UMP biosynthesis II|unclassified	0.000381738
PWY-7790: UMP biosynthesis II|g__Alistipes.s__Alistipes_putredinis	5.31849e-05
PWY-7790: UMP biosynthesis II|g__Adlercreutzia.s__Adlercreutzia_equolifaciens	2.04959e-05
PWY-7790: UMP biosynthesis II|g__Asaccharobacter.s__Asaccharobacter_celatus	1.8579e-05
PWY-7790: UMP biosynthesis II|g__Alistipes.s__Alistipes_onderdonkii	6.81029e-06
PWY-7790: UMP biosynthesis II|g__Alistipes.s__Alistipes_indistinctus	4.18796e-06
PWY-7790: UMP biosynthesis II|g__Anaerostipes.s__Anaerostipes_hadrus	3.19619e-06
PWY-7790: UMP biosynthesis II|g__Agathobaculum.s__Agathobaculum_butyriciproducens	2.36537e-06
PWY-7790: UMP biosynthesis II|g__Alistipes.s__Alistipes_finegoldii	2.17596e-06
PWY-7791: UMP biosynthesis III	0.000524937
PWY-7791: UMP biosynthesis III|unclassified	0.000381738
PWY-7791: UMP biosynthesis III|g__Alistipes.s__Alistipes_putredinis	5.31849e-05
PWY-7791: UMP biosynthesis III|g__Adlercreutzia.s__Adlercreutzia_equolifaciens	2.04959e-05
PWY-7791: UMP biosynthesis III|g__Asaccharobacter.s__Asaccharobacter_celatus	1.8579e-05
PWY-7791: UMP biosynthesis III|g__Alistipes.s__Alistipes_onderdonkii	6.81029e-06
PWY-7791: UMP biosynthesis III|g__Alistipes.s__Alistipes_indistinctus	4.18796e-06
PWY-7791: UMP biosynthesis III|g__Anaerostipes.s__Anaerostipes_hadrus	3.19619e-06
PWY-7791: UMP biosynthesis III|g__Agathobaculum.s__Agathobaculum_butyriciproducens	2.36537e-06
PWY-7791: UMP biosynthesis III|g__Alistipes.s__Alistipes_finegoldii	2.17596e-06
PWY-6387: UDP-N-acetylmuramoyl-pentapeptide biosynthesis I (meso-diaminopimelate containing)	0.000506609
PWY-6387: UDP-N-acetylmuramoyl-pentapeptide biosynthesis I (meso-diaminopimelate containing)|unclassified	0.000372203
PWY-6387: UDP-N-acetylmuramoyl-pentapeptide biosynthesis I (meso-diaminopimelate containing)|g__Alistipes.s__Alistipes_putredinis	4.83605e-05
PWY-6387: UDP-N-acetylmuramoyl-pentapeptide biosynthesis I (meso-diaminopimelate containing)|g__Adlercreutzia.s__Adlercreutzia_equolifaciens	2.68414e-05
PWY-6387: UDP-N-acetylmuramoyl-pentapeptide biosynthesis I (meso-diaminopimelate containing)|g__Asaccharobacter.s__Asaccharobacter_celatus	1.93354e-05
PWY-6387: UDP-N-acetylmuramoyl-pentapeptide biosynthesis I (meso-diaminopimelate containing)|g__Alistipes.s__Alistipes_onderdonkii	7.0262e-06
PWY-6387: UDP-N-acetylmuramoyl-pentapeptide biosynthesis I (meso-diaminopimelate containing)|g__Alistipes.s__Alistipes_indistinctus	5.29831e-06
PWY-6387: UDP-N-acetylmuramoyl-pentapeptide biosynthesis I (meso-diaminopimelate containing)|g__Alistipes.s__Alistipes_finegoldii	4.98624e-06
PWY-6387: UDP-N-acetylmuramoyl-pentapeptide biosynthesis I (meso-diaminopimelate containing)|g__Agathobaculum.s__Agathobaculum_butyriciproducens	3.27927e-06
PWY-6387: UDP-N-acetylmuramoyl-pentapeptide biosynthesis I (meso-diaminopimelate containing)|g__Anaerostipes.s__Anaerostipes_hadrus	2.80058e-06
PWY-6387: UDP-N-acetylmuramoyl-pentapeptide biosynthesis I (meso-diaminopimelate containing)|g__Alistipes.s__Alistipes_timonensis	3.79134e-07
PWY-6386: UDP-N-acetylmuramoyl-pentapeptide biosynthesis II (lysine-containing)	0.000504444
PWY-6386: UDP-N-acetylmuramoyl-pentapeptide biosynthesis II (lysine-containing)|unclassified	0.000375293
PWY-6386: UDP-N-acetylmuramoyl-pentapeptide biosynthesis II (lysine-containing)|g__Alistipes.s__Alistipes_putredinis	4.89534e-05
PWY-6386: UDP-N-acetylmuramoyl-pentapeptide biosynthesis II (lysine-containing)|g__Alistipes.s__Alistipes_onderdonkii	6.18919e-06
PWY-6386: UDP-N-acetylmuramoyl-pentapeptide biosynthesis II (lysine-containing)|g__Alistipes.s__Alistipes_indistinctus	5.21534e-06
PWY-6386: UDP-N-acetylmuramoyl-pentapeptide biosynthesis II (lysine-containing)|g__Alistipes.s__Alistipes_finegoldii	4.23498e-06
PWY-6386: UDP-N-acetylmuramoyl-pentapeptide biosynthesis II (lysine-containing)|g__Anaerostipes.s__Anaerostipes_hadrus	2.35352e-06
PEPTIDOGLYCANSYN-PWY: peptidoglycan biosynthesis I (meso-diaminopimelate containing)	0.000497665
PEPTIDOGLYCANSYN-PWY: peptidoglycan biosynthesis I (meso-diaminopimelate containing)|unclassified	0.000364904
PEPTIDOGLYCANSYN-PWY: peptidoglycan biosynthesis I (meso-diaminopimelate containing)|g__Alistipes.s__Alistipes_putredinis	4.81937e-05
PEPTIDOGLYCANSYN-PWY: peptidoglycan biosynthesis I (meso-diaminopimelate containing)|g__Adlercreutzia.s__Adlercreutzia_equolifaciens	2.6955e-05
PEPTIDOGLYCANSYN-PWY: peptidoglycan biosynthesis I (meso-diaminopimelate containing)|g__Asaccharobacter.s__Asaccharobacter_celatus	1.88451e-05
PEPTIDOGLYCANSYN-PWY: peptidoglycan biosynthesis I (meso-diaminopimelate containing)|g__Alistipes.s__Alistipes_onderdonkii	7.20182e-06
PEPTIDOGLYCANSYN-PWY: peptidoglycan biosynthesis I (meso-diaminopimelate containing)|g__Alistipes.s__Alistipes_indistinctus	5.33137e-06
PEPTIDOGLYCANSYN-PWY: peptidoglycan biosynthesis I (meso-diaminopimelate containing)|g__Alistipes.s__Alistipes_finegoldii	4.65409e-06
PEPTIDOGLYCANSYN-PWY: peptidoglycan biosynthesis I (meso-diaminopimelate containing)|g__Agathobaculum.s__Agathobaculum_butyriciproducens	3.35241e-06
PEPTIDOGLYCANSYN-PWY: peptidoglycan biosynthesis I (meso-diaminopimelate containing)|g__Anaerostipes.s__Anaerostipes_hadrus	3.02431e-06
PEPTIDOGLYCANSYN-PWY: peptidoglycan biosynthesis I (meso-diaminopimelate containing)|g__Alistipes.s__Alistipes_timonensis	4.35897e-07
PWY-6385: peptidoglycan biosynthesis III (mycobacteria)	0.000497665
PWY-6385: peptidoglycan biosynthesis III (mycobacteria)|unclassified	0.000374469
PWY-6385: peptidoglycan biosynthesis III (mycobacteria)|g__Alistipes.s__Alistipes_putredinis	4.81937e-05
PWY-6385: peptidoglycan biosynthesis III (mycobacteria)|g__Alistipes.s__Alistipes_onderdonkii	6.39164e-06
PWY-6385: peptidoglycan biosynthesis III (mycobacteria)|g__Alistipes.s__Alistipes_indistinctus	5.28122e-06
PWY-6385: peptidoglycan biosynthesis III (mycobacteria)|g__Anaerostipes.s__Anaerostipes_hadrus	3.01553e-06
PWY-6385: peptidoglycan biosynthesis III (mycobacteria)|g__Alistipes.s__Alistipes_finegoldii	1.91576e-06
PWY-6385: peptidoglycan biosynthesis III (mycobacteria)|g__Alistipes.s__Alistipes_timonensis	4.34227e-07
PWY-6163: chorismate biosynthesis from 3-dehydroquinate	0.000490864
PWY-6163: chorismate biosynthesis from 3-dehydroquinate|unclassified	0.000355764
PWY-6163: chorismate biosynthesis from 3-dehydroquinate|g__Adlercreutzia.s__Adlercreutzia_equolifaciens	3.83417e-05
PWY-6163: chorismate biosynthesis from 3-dehydroquinate|g__Asaccharobacter.s__Asaccharobacter_celatus	1.57626e-05
PWY-6163: chorismate biosynthesis from 3-dehydroquinate|g__Alistipes.s__Alistipes_shahii	1.12153e-05
PWY-6163: chorismate biosynthesis from 3-dehydroquinate|g__Alistipes.s__Alistipes_onderdonkii	7.38841e-06
PWY-6163: chorismate biosynthesis from 3-dehydroquinate|g__Alistipes.s__Alistipes_finegoldii	4.42983e-06
PWY-6163: chorismate biosynthesis from 3-dehydroquinate|g__Anaerostipes.s__Anaerostipes_hadrus	3.82422e-06
PWY-6163: chorismate biosynthesis from 3-dehydroquinate|g__Alistipes.s__Alistipes_indistinctus	3.35879e-06
PWY-6163: chorismate biosynthesis from 3-dehydroquinate|g__Agathobaculum.s__Agathobaculum_butyriciproducens	3.22687e-06
PWY-6609: adenine and adenosine salvage III	0.000485099
PWY-6609: adenine and adenosine salvage III|unclassified	0.000352072
PWY-6609: adenine and adenosine salvage III|g__Alistipes.s__Alistipes_putredinis	5.36751e-05
PWY-6609: adenine and adenosine salvage III|g__Adlercreutzia.s__Adlercreutzia_equolifaciens	2.78911e-05
PWY-6609: adenine and adenosine salvage III|g__Asaccharobacter.s__Asaccharobacter_celatus	1.17794e-05
PWY-6609: adenine and adenosine salvage III|g__Alistipes.s__Alistipes_shahii	9.0238e-06
PWY-6609: adenine and adenosine salvage III|g__Alistipes.s__Alistipes_onderdonkii	8.56742e-06
PWY-6609: adenine and adenosine salvage III|g__Agathobaculum.s__Agathobaculum_butyriciproducens	5.12611e-06
PWY-6609: adenine and adenosine salvage III|g__Alistipes.s__Alistipes_indistinctus	3.74541e-06
PWY-6609: adenine and adenosine salvage III|g__Anaerostipes.s__Anaerostipes_hadrus	1.84462e-06
PWY-6609: adenine and adenosine salvage III|g__Alistipes.s__Alistipes_timonensis	1.64637e-06
PWY-7953: UDP-N-acetylmuramoyl-pentapeptide biosynthesis III (meso-diaminopimelate containing)	0.000481717
PWY-7953: UDP-N-acetylmuramoyl-pentapeptide biosynthesis III (meso-diaminopimelate containing)|unclassified	0.000349482
PWY-7953: UDP-N-acetylmuramoyl-pentapeptide biosynthesis III (meso-diaminopimelate containing)|g__Alistipes.s__Alistipes_putredinis	4.74671e-05
PWY-7953: UDP-N-acetylmuramoyl-pentapeptide biosynthesis III (meso-diaminopimelate containing)|g__Alistipes.s__Alistipes_onderdonkii	7.02183e-06
PWY-7953: UDP-N-acetylmuramoyl-pentapeptide biosynthesis III (meso-diaminopimelate containing)|g__Alistipes.s__Alistipes_finegoldii	4.71389e-06
PWY-7953: UDP-N-acetylmuramoyl-pentapeptide biosynthesis III (meso-diaminopimelate containing)|g__Alistipes.s__Alistipes_indistinctus	4.22694e-06
PWY-7953: UDP-N-acetylmuramoyl-pentapeptide biosynthesis III (meso-diaminopimelate containing)|g__Anaerostipes.s__Anaerostipes_hadrus	2.05028e-06
PWY-7953: UDP-N-acetylmuramoyl-pentapeptide biosynthesis III (meso-diaminopimelate containing)|g__Alistipes.s__Alistipes_timonensis	3.35843e-07
NONMEVIPP-PWY: methylerythritol phosphate pathway I	0.000481304
NONMEVIPP-PWY: methylerythritol phosphate pathway I|unclassified	0.000343593
NONMEVIPP-PWY: methylerythritol phosphate pathway I|g__Alistipes.s__Alistipes_putredinis	4.33152e-05
NONMEVIPP-PWY: methylerythritol phosphate pathway I|g__Adlercreutzia.s__Adlercreutzia_equolifaciens	1.96552e-05
NONMEVIPP-PWY: methylerythritol phosphate pathway I|g__Alistipes.s__Alistipes_onderdonkii	6.67304e-06
NONMEVIPP-PWY: methylerythritol phosphate pathway I|g__Alistipes.s__Alistipes_indistinctus	6.03223e-06
NONMEVIPP-PWY: methylerythritol phosphate pathway I|g__Asaccharobacter.s__Asaccharobacter_celatus	4.42227e-06
NONMEVIPP-PWY: methylerythritol phosphate pathway I|g__Alistipes.s__Alistipes_finegoldii	4.07924e-06
NONMEVIPP-PWY: methylerythritol phosphate pathway I|g__Anaerostipes.s__Anaerostipes_hadrus	3.29894e-06
NONMEVIPP-PWY: methylerythritol phosphate pathway I|g__Agathobaculum.s__Agathobaculum_butyriciproducens	2.82287e-06
TRNA-CHARGING-PWY: tRNA charging	0.000463565
TRNA-CHARGING-PWY: tRNA charging|unclassified	0.000338128
TRNA-CHARGING-PWY: tRNA charging|g__Alistipes.s__Alistipes_putredinis	4.73773e-05
TRNA-CHARGING-PWY: tRNA charging|g__Alistipes.s__Alistipes_shahii	1.06654e-05
TRNA-CHARGING-PWY: tRNA charging|g__Alistipes.s__Alistipes_onderdonkii	5.6396e-06
TRNA-CHARGING-PWY: tRNA charging|g__Alistipes.s__Alistipes_finegoldii	5.4795e-06
TRNA-CHARGING-PWY: tRNA charging|g__Alistipes.s__Alistipes_indistinctus	4.03563e-06
TRNA-CHARGING-PWY: tRNA charging|g__Anaerostipes.s__Anaerostipes_hadrus	3.18151e-06
PWY-7221: guanosine ribonucleotides de novo biosynthesis	0.000461325
PWY-7221: guanosine ribonucleotides de novo biosynthesis|unclassified	0.000360948
PWY-7221: guanosine ribonucleotides de novo biosynthesis|g__Alistipes.s__Alistipes_putredinis	4.27409e-05
PWY-7221: guanosine ribonucleotides de novo biosynthesis|g__Asaccharobacter.s__Asaccharobacter_celatus	2.7147e-05
PWY-7221: guanosine ribonucleotides de novo biosynthesis|g__Adlercreutzia.s__Adlercreutzia_equolifaciens	2.2078e-05
PWY-7221: guanosine ribonucleotides de novo biosynthesis|g__Alistipes.s__Alistipes_shahii	9.17374e-06
PWY-7221: guanosine ribonucleotides de novo biosynthesis|g__Alistipes.s__Alistipes_onderdonkii	4.79634e-06
PWY-7221: guanosine ribonucleotides de novo biosynthesis|g__Anaerostipes.s__Anaerostipes_hadrus	3.39354e-06
PWY-7221: guanosine ribonucleotides de novo biosynthesis|g__Alistipes.s__Alistipes_indistinctus	3.35554e-06
PWY-7221: guanosine ribonucleotides de novo biosynthesis|g__Alistipes.s__Alistipes_finegoldii	2.83173e-06
PWY-7221: guanosine ribonucleotides de novo biosynthesis|g__Agathobaculum.s__Agathobaculum_butyriciproducens	2.04161e-06
PWY-1042: glycolysis IV	0.000461162
PWY-1042: glycolysis IV|unclassified	0.000345749
PWY-1042: glycolysis IV|g__Alistipes.s__Alistipes_putredinis	4.58267e-05
PWY-1042: glycolysis IV|g__Alistipes.s__Alistipes_shahii	1.06545e-05
PWY-1042: glycolysis IV|g__Anaerostipes.s__Anaerostipes_hadrus	9.0088e-06
PWY-1042: glycolysis IV|g__Agathobaculum.s__Agathobaculum_butyriciproducens	2.48037e-06
PWY-1042: glycolysis IV|g__Alistipes.s__Alistipes_timonensis	4.25616e-07
PWY66-429: fatty acid biosynthesis initiation (mitochondria)	0.000455007
PWY66-429: fatty acid biosynthesis initiation (mitochondria)|unclassified	0.000350064
PWY66-429: fatty acid biosynthesis initiation (mitochondria)|g__Agathobaculum.s__Agathobaculum_butyriciproducens	4.62644e-06
PWY66-429: fatty acid biosynthesis initiation (mitochondria)|g__Alistipes.s__Alistipes_indistinctus	2.77509e-06
PWY66-429: fatty acid biosynthesis initiation (mitochondria)|g__Anaerostipes.s__Anaerostipes_hadrus	2.32353e-06
VALSYN-PWY: L-valine biosynthesis	0.000450793
VALSYN-PWY: L-valine biosynthesis|unclassified	0.000356734
VALSYN-PWY: L-valine biosynthesis|g__Asaccharobacter.s__Asaccharobacter_celatus	2.55806e-05
VALSYN-PWY: L-valine biosynthesis|g__Adlercreutzia.s__Adlercreutzia_equolifaciens	2.49988e-05
VALSYN-PWY: L-valine biosynthesis|g__Alistipes.s__Alistipes_onderdonkii	7.57155e-06
VALSYN-PWY: L-valine biosynthesis|g__Alistipes.s__Alistipes_finegoldii	6.35937e-06
VALSYN-PWY: L-valine biosynthesis|g__Anaerostipes.s__Anaerostipes_hadrus	5.46706e-06
VALSYN-PWY: L-valine biosynthesis|g__Alistipes.s__Alistipes_indistinctus	4.81709e-06
VALSYN-PWY: L-valine biosynthesis|g__Agathobaculum.s__Agathobaculum_butyriciproducens	3.71608e-06
VALSYN-PWY: L-valine biosynthesis|g__Alistipes.s__Alistipes_timonensis	1.90073e-06
PWY-6121: 5-aminoimidazole ribonucleotide biosynthesis I	0.000447051
PWY-6121: 5-aminoimidazole ribonucleotide biosynthesis I|unclassified	0.000331355
PWY-6121: 5-aminoimidazole ribonucleotide biosynthesis I|g__Alistipes.s__Alistipes_putredinis	4.81168e-05
PWY-6121: 5-aminoimidazole ribonucleotide biosynthesis I|g__Adlercreutzia.s__Adlercreutzia_equolifaciens	2.94987e-05
PWY-6121: 5-aminoimidazole ribonucleotide biosynthesis I|g__Asaccharobacter.s__Asaccharobacter_celatus	2.11107e-05
PWY-6121: 5-aminoimidazole ribonucleotide biosynthesis I|g__Alistipes.s__Alistipes_shahii	1.44074e-05
PWY-6121: 5-aminoimidazole ribonucleotide biosynthesis I|g__Alistipes.s__Alistipes_finegoldii	8.45718e-06
PWY-6121: 5-aminoimidazole ribonucleotide biosynthesis I|g__Alistipes.s__Alistipes_indistinctus	3.83279e-06
PWY-6121: 5-aminoimidazole ribonucleotide biosynthesis I|g__Anaerostipes.s__Anaerostipes_hadrus	3.62753e-06
PWY-6121: 5-aminoimidazole ribonucleotide biosynthesis I|g__Agathobaculum.s__Agathobaculum_butyriciproducens	3.32037e-06
PWY-6121: 5-aminoimidazole ribonucleotide biosynthesis I|g__Alistipes.s__Alistipes_onderdonkii	1.8088e-06
PWY-6121: 5-aminoimidazole ribonucleotide biosynthesis I|g__Alistipes.s__Alistipes_timonensis	2.77739e-07
PWY-6122: 5-aminoimidazole ribonucleotide biosynthesis II	0.000443682
PWY-6122: 5-aminoimidazole ribonucleotide biosynthesis II|unclassified	0.000330779
PWY-6122: 5-aminoimidazole ribonucleotide biosynthesis II|g__Alistipes.s__Alistipes_putredinis	4.81081e-05
PWY-6122: 5-aminoimidazole ribonucleotide biosynthesis II|g__Adlercreutzia.s__Adlercreutzia_equolifaciens	3.20357e-05
PWY-6122: 5-aminoimidazole ribonucleotide biosynthesis II|g__Asaccharobacter.s__Asaccharobacter_celatus	2.19117e-05
PWY-6122: 5-aminoimidazole ribonucleotide biosynthesis II|g__Alistipes.s__Alistipes_shahii	1.45918e-05
PWY-6122: 5-aminoimidazole ribonucleotide biosynthesis II|g__Alistipes.s__Alistipes_finegoldii	8.58148e-06
PWY-6122: 5-aminoimidazole ribonucleotide biosynthesis II|g__Alistipes.s__Alistipes_onderdonkii	6.51716e-06
PWY-6122: 5-aminoimidazole ribonucleotide biosynthesis II|g__Alistipes.s__Alistipes_indistinctus	5.65609e-06
PWY-6122: 5-aminoimidazole ribonucleotide biosynthesis II|g__Anaerostipes.s__Anaerostipes_hadrus	3.2784e-06
PWY-6122: 5-aminoimidazole ribonucleotide biosynthesis II|g__Agathobaculum.s__Agathobaculum_butyriciproducens	3.04482e-06
PWY-6122: 5-aminoimidazole ribonucleotide biosynthesis II|g__Alistipes.s__Alistipes_timonensis	2.55278e-07
PWY-6277: superpathway of 5-aminoimidazole ribonucleotide biosynthesis	0.000443682
PWY-6277: superpathway of 5-aminoimidazole ribonucleotide biosynthesis|unclassified	0.000330779
PWY-6277: superpathway of 5-aminoimidazole ribonucleotide biosynthesis|g__Alistipes.s__Alistipes_putredinis	4.81081e-05
PWY-6277: superpathway of 5-aminoimidazole ribonucleotide biosynthesis|g__Adlercreutzia.s__Adlercreutzia_equolifaciens	3.20357e-05
PWY-6277: superpathway of 5-aminoimidazole ribonucleotide biosynthesis|g__Asaccharobacter.s__Asaccharobacter_celatus	2.19117e-05
PWY-6277: superpathway of 5-aminoimidazole ribonucleotide biosynthesis|g__Alistipes.s__Alistipes_shahii	1.45918e-05
PWY-6277: superpathway of 5-aminoimidazole ribonucleotide biosynthesis|g__Alistipes.s__Alistipes_finegoldii	8.58148e-06
PWY-6277: superpathway of 5-aminoimidazole ribonucleotide biosynthesis|g__Alistipes.s__Alistipes_onderdonkii	6.51716e-06
PWY-6277: superpathway of 5-aminoimidazole ribonucleotide biosynthesis|g__Alistipes.s__Alistipes_indistinctus	5.65609e-06
PWY-6277: superpathway of 5-aminoimidazole ribonucleotide biosynthesis|g__Anaerostipes.s__Anaerostipes_hadrus	3.2784e-06
PWY-6277: superpathway of 5-aminoimidazole ribonucleotide biosynthesis|g__Agathobaculum.s__Agathobaculum_butyriciproducens	3.04482e-06
PWY-6277: superpathway of 5-aminoimidazole ribonucleotide biosynthesis|g__Alistipes.s__Alistipes_timonensis	2.55278e-07
COMPLETE-ARO-PWY: superpathway of aromatic amino acid biosynthesis	0.000441446
COMPLETE-ARO-PWY: superpathway of aromatic amino acid biosynthesis|unclassified	0.000355072
COMPLETE-ARO-PWY: superpathway of aromatic amino acid biosynthesis|g__Anaerostipes.s__Anaerostipes_hadrus	4.4599e-06
COA-PWY-1: superpathway of coenzyme A biosynthesis III (mammals)	0.00043255
COA-PWY-1: superpathway of coenzyme A biosynthesis III (mammals)|unclassified	0.000332583
COA-PWY-1: superpathway of coenzyme A biosynthesis III (mammals)|g__Alistipes.s__Alistipes_putredinis	4.57173e-05
COA-PWY-1: superpathway of coenzyme A biosynthesis III (mammals)|g__Alistipes.s__Alistipes_indistinctus	6.64106e-06
COA-PWY-1: superpathway of coenzyme A biosynthesis III (mammals)|g__Alistipes.s__Alistipes_onderdonkii	6.46986e-06
COA-PWY-1: superpathway of coenzyme A biosynthesis III (mammals)|g__Anaerostipes.s__Anaerostipes_hadrus	3.91081e-06
COA-PWY-1: superpathway of coenzyme A biosynthesis III (mammals)|g__Alistipes.s__Alistipes_finegoldii	1.01563e-06
PWY-5097: L-lysine biosynthesis VI	0.000426722
PWY-5097: L-lysine biosynthesis VI|unclassified	0.0003331
PWY-5097: L-lysine biosynthesis VI|g__Adlercreutzia.s__Adlercreutzia_equolifaciens	3.35005e-05
PWY-5097: L-lysine biosynthesis VI|g__Alistipes.s__Alistipes_onderdonkii	7.2374e-06
PWY-5097: L-lysine biosynthesis VI|g__Asaccharobacter.s__Asaccharobacter_celatus	4.75968e-06
PWY-5097: L-lysine biosynthesis VI|g__Alistipes.s__Alistipes_finegoldii	3.37959e-06
PWY-5097: L-lysine biosynthesis VI|g__Anaerostipes.s__Anaerostipes_hadrus	2.69927e-06
BRANCHED-CHAIN-AA-SYN-PWY: superpathway of branched chain amino acid biosynthesis	0.000424008
BRANCHED-CHAIN-AA-SYN-PWY: superpathway of branched chain amino acid biosynthesis|unclassified	0.000285472
BRANCHED-CHAIN-AA-SYN-PWY: superpathway of branched chain amino acid biosynthesis|g__Adlercreutzia.s__Adlercreutzia_equolifaciens	2.40404e-05
BRANCHED-CHAIN-AA-SYN-PWY: superpathway of branched chain amino acid biosynthesis|g__Asaccharobacter.s__Asaccharobacter_celatus	2.07632e-05
BRANCHED-CHAIN-AA-SYN-PWY: superpathway of branched chain amino acid biosynthesis|g__Anaerostipes.s__Anaerostipes_hadrus	3.96532e-06
BRANCHED-CHAIN-AA-SYN-PWY: superpathway of branched chain amino acid biosynthesis|g__Agathobaculum.s__Agathobaculum_butyriciproducens	2.44772e-06
COA-PWY: coenzyme A biosynthesis I (prokaryotic)	0.000422039
COA-PWY: coenzyme A biosynthesis I (prokaryotic)|unclassified	0.000319039
COA-PWY: coenzyme A biosynthesis I (prokaryotic)|g__Alistipes.s__Alistipes_putredinis	5.03308e-05
COA-PWY: coenzyme A biosynthesis I (prokaryotic)|g__Alistipes.s__Alistipes_onderdonkii	8.99663e-06
COA-PWY: coenzyme A biosynthesis I (prokaryotic)|g__Alistipes.s__Alistipes_indistinctus	6.5007e-06
COA-PWY: coenzyme A biosynthesis I (prokaryotic)|g__Anaerostipes.s__Anaerostipes_hadrus	4.06721e-06
COA-PWY: coenzyme A biosynthesis I (prokaryotic)|g__Alistipes.s__Alistipes_finegoldii	3.83943e-06
COA-PWY: coenzyme A biosynthesis I (prokaryotic)|g__Alistipes.s__Alistipes_timonensis	2.76848e-06
COA-PWY: coenzyme A biosynthesis I (prokaryotic)|g__Agathobaculum.s__Agathobaculum_butyriciproducens	2.3565e-06
ARO-PWY: chorismate biosynthesis I	0.000422009
ARO-PWY: chorismate biosynthesis I|unclassified	0.000336052
ARO-PWY: chorismate biosynthesis I|g__Alistipes.s__Alistipes_shahii	9.62377e-06
ARO-PWY: chorismate biosynthesis I|g__Alistipes.s__Alistipes_onderdonkii	7.35968e-06
ARO-PWY: chorismate biosynthesis I|g__Anaerostipes.s__Anaerostipes_hadrus	4.23265e-06
ARO-PWY: chorismate biosynthesis I|g__Alistipes.s__Alistipes_finegoldii	3.74993e-06
ARO-PWY: chorismate biosynthesis I|g__Agathobaculum.s__Agathobaculum_butyriciproducens	3.03768e-06
ILEUSYN-PWY: L-isoleucine biosynthesis I (from threonine)	0.000418821
ILEUSYN-PWY: L-isoleucine biosynthesis I (from threonine)|unclassified	0.000284854
ILEUSYN-PWY: L-isoleucine biosynthesis I (from threonine)|g__Adlercreutzia.s__Adlercreutzia_equolifaciens	2.39926e-05
ILEUSYN-PWY: L-isoleucine biosynthesis I (from threonine)|g__Asaccharobacter.s__Asaccharobacter_celatus	2.04383e-05
ILEUSYN-PWY: L-isoleucine biosynthesis I (from threonine)|g__Anaerostipes.s__Anaerostipes_hadrus	4.88606e-06
ILEUSYN-PWY: L-isoleucine biosynthesis I (from threonine)|g__Agathobaculum.s__Agathobaculum_butyriciproducens	2.87441e-06
PWY-7851: coenzyme A biosynthesis II (eukaryotic)	0.000416925
PWY-7851: coenzyme A biosynthesis II (eukaryotic)|unclassified	0.000314189
PWY-7851: coenzyme A biosynthesis II (eukaryotic)|g__Alistipes.s__Alistipes_putredinis	4.84355e-05
PWY-7851: coenzyme A biosynthesis II (eukaryotic)|g__Alistipes.s__Alistipes_onderdonkii	7.19824e-06
PWY-7851: coenzyme A biosynthesis II (eukaryotic)|g__Alistipes.s__Alistipes_indistinctus	6.5007e-06
PWY-7851: coenzyme A biosynthesis II (eukaryotic)|g__Anaerostipes.s__Anaerostipes_hadrus	3.41957e-06
PWY-7851: coenzyme A biosynthesis II (eukaryotic)|g__Alistipes.s__Alistipes_finegoldii	8.71879e-07
PWY-7238: sucrose biosynthesis II	0.000416663
PWY-7238: sucrose biosynthesis II|unclassified	0.000372746
PWY-7238: sucrose biosynthesis II|g__Alistipes.s__Alistipes_shahii	7.26489e-06
PWY-7238: sucrose biosynthesis II|g__Anaerostipes.s__Anaerostipes_hadrus	4.8619e-06
PWY-7238: sucrose biosynthesis II|g__Agathobaculum.s__Agathobaculum_butyriciproducens	1.72787e-06
ANAGLYCOLYSIS-PWY: glycolysis III (from glucose)	0.000411066
ANAGLYCOLYSIS-PWY: glycolysis III (from glucose)|unclassified	0.000327486
ANAGLYCOLYSIS-PWY: glycolysis III (from glucose)|g__Anaerostipes.s__Anaerostipes_hadrus	6.33691e-06
PWY-5695: inosine 5'-phosphate degradation	0.000409357
PWY-5695: inosine 5'-phosphate degradation|unclassified	0.000312777
PWY-5695: inosine 5'-phosphate degradation|g__Alistipes.s__Alistipes_putredinis	5.02021e-05
PWY-5695: inosine 5'-phosphate degradation|g__Alistipes.s__Alistipes_shahii	9.64983e-06
PWY-5695: inosine 5'-phosphate degradation|g__Alistipes.s__Alistipes_onderdonkii	7.20343e-06
PWY-5695: inosine 5'-phosphate degradation|g__Alistipes.s__Alistipes_indistinctus	3.60428e-06
PWY-5695: inosine 5'-phosphate degradation|g__Alistipes.s__Alistipes_finegoldii	3.45221e-06
PWY-5695: inosine 5'-phosphate degradation|g__Agathobaculum.s__Agathobaculum_butyriciproducens	3.38613e-06
PWY-5695: inosine 5'-phosphate degradation|g__Anaerostipes.s__Anaerostipes_hadrus	2.13044e-06
PWY-2942: L-lysine biosynthesis III	0.000404621
PWY-2942: L-lysine biosynthesis III|unclassified	0.000304059
PWY-2942: L-lysine biosynthesis III|g__Adlercreutzia.s__Adlercreutzia_equolifaciens	2.8139e-05
PWY-2942: L-lysine biosynthesis III|g__Asaccharobacter.s__Asaccharobacter_celatus	6.58837e-06
PWY-2942: L-lysine biosynthesis III|g__Anaerostipes.s__Anaerostipes_hadrus	2.29274e-06
HISTSYN-PWY: L-histidine biosynthesis	0.000403693
HISTSYN-PWY: L-histidine biosynthesis|unclassified	0.000330822
HISTSYN-PWY: L-histidine biosynthesis|g__Alistipes.s__Alistipes_shahii	1.16412e-05
HISTSYN-PWY: L-histidine biosynthesis|g__Alistipes.s__Alistipes_onderdonkii	6.81976e-06
HISTSYN-PWY: L-histidine biosynthesis|g__Alistipes.s__Alistipes_indistinctus	5.25756e-06
HISTSYN-PWY: L-histidine biosynthesis|g__Alistipes.s__Alistipes_finegoldii	4.02718e-06
PWY-3841: folate transformations II (plants)	0.000403339
PWY-3841: folate transformations II (plants)|unclassified	0.000300148
PWY-3841: folate transformations II (plants)|g__Alistipes.s__Alistipes_putredinis	4.9039e-05
PWY-3841: folate transformations II (plants)|g__Alistipes.s__Alistipes_onderdonkii	6.99806e-06
PWY-3841: folate transformations II (plants)|g__Alistipes.s__Alistipes_indistinctus	4.71935e-06
PWY-3841: folate transformations II (plants)|g__Alistipes.s__Alistipes_finegoldii	4.56944e-06
PWY-3841: folate transformations II (plants)|g__Anaerostipes.s__Anaerostipes_hadrus	4.15073e-06
PWY-7977: L-methionine biosynthesis IV	0.000398629
PWY-7977: L-methionine biosynthesis IV|unclassified	0.000283124
PWY-7977: L-methionine biosynthesis IV|g__Alistipes.s__Alistipes_putredinis	4.30815e-05
PWY-7977: L-methionine biosynthesis IV|g__Alistipes.s__Alistipes_shahii	1.03126e-05
PWY-7977: L-methionine biosynthesis IV|g__Alistipes.s__Alistipes_onderdonkii	6.25263e-06
PWY-7977: L-methionine biosynthesis IV|g__Alistipes.s__Alistipes_indistinctus	3.66158e-06
PWY-7977: L-methionine biosynthesis IV|g__Anaerostipes.s__Anaerostipes_hadrus	2.4793e-06
PWY-7977: L-methionine biosynthesis IV|g__Alistipes.s__Alistipes_finegoldii	2.33278e-06
PWY0-1586: peptidoglycan maturation (meso-diaminopimelate containing)	0.000396993
PWY0-1586: peptidoglycan maturation (meso-diaminopimelate containing)|unclassified	0.000379801
PWY0-1586: peptidoglycan maturation (meso-diaminopimelate containing)|g__Anaerostipes.s__Anaerostipes_hadrus	5.28441e-06
PWY-724: superpathway of L-lysine, L-threonine and L-methionine biosynthesis II	0.000387716
PWY-724: superpathway of L-lysine, L-threonine and L-methionine biosynthesis II|unclassified	0.000289056
PWY-724: superpathway of L-lysine, L-threonine and L-methionine biosynthesis II|g__Adlercreutzia.s__Adlercreutzia_equolifaciens	2.72424e-05
PWY-724: superpathway of L-lysine, L-threonine and L-methionine biosynthesis II|g__Anaerostipes.s__Anaerostipes_hadrus	2.1035e-06
PANTOSYN-PWY: superpathway of coenzyme A biosynthesis I (bacteria)	0.000385908
PANTOSYN-PWY: superpathway of coenzyme A biosynthesis I (bacteria)|unclassified	0.000266949
PANTOSYN-PWY: superpathway of coenzyme A biosynthesis I (bacteria)|g__Alistipes.s__Alistipes_putredinis	4.50947e-05
PANTOSYN-PWY: superpathway of coenzyme A biosynthesis I (bacteria)|g__Alistipes.s__Alistipes_onderdonkii	7.207e-06
PANTOSYN-PWY: superpathway of coenzyme A biosynthesis I (bacteria)|g__Alistipes.s__Alistipes_indistinctus	4.73533e-06
PANTOSYN-PWY: superpathway of coenzyme A biosynthesis I (bacteria)|g__Anaerostipes.s__Anaerostipes_hadrus	3.87117e-06
PWY-5103: L-isoleucine biosynthesis III	0.000385748
PWY-5103: L-isoleucine biosynthesis III|unclassified	0.00024497
PWY-5103: L-isoleucine biosynthesis III|g__Adlercreutzia.s__Adlercreutzia_equolifaciens	2.19848e-05
PWY-5103: L-isoleucine biosynthesis III|g__Asaccharobacter.s__Asaccharobacter_celatus	1.79428e-05
PWY-5103: L-isoleucine biosynthesis III|g__Anaerostipes.s__Anaerostipes_hadrus	4.4283e-06
PWY-5103: L-isoleucine biosynthesis III|g__Agathobaculum.s__Agathobaculum_butyriciproducens	2.34167e-06
PWY-7229: superpathway of adenosine nucleotides de novo biosynthesis I	0.000385515
PWY-7229: superpathway of adenosine nucleotides de novo biosynthesis I|unclassified	0.000276622
PWY-6123: inosine-5'-phosphate biosynthesis I	0.000384859
PWY-6123: inosine-5'-phosphate biosynthesis I|unclassified	0.000284614
PWY-6123: inosine-5'-phosphate biosynthesis I|g__Alistipes.s__Alistipes_putredinis	4.67851e-05
PWY-6123: inosine-5'-phosphate biosynthesis I|g__Alistipes.s__Alistipes_onderdonkii	9.16361e-06
PWY-6123: inosine-5'-phosphate biosynthesis I|g__Anaerostipes.s__Anaerostipes_hadrus	4.96806e-06
PWY-6123: inosine-5'-phosphate biosynthesis I|g__Alistipes.s__Alistipes_finegoldii	2.75044e-06
PWY-6123: inosine-5'-phosphate biosynthesis I|g__Alistipes.s__Alistipes_indistinctus	2.64463e-06
ARGSYN-PWY: L-arginine biosynthesis I (via L-ornithine)	0.000382
ARGSYN-PWY: L-arginine biosynthesis I (via L-ornithine)|unclassified	0.000294847
ARGSYN-PWY: L-arginine biosynthesis I (via L-ornithine)|g__Alistipes.s__Alistipes_finegoldii	2.61974e-06
ARGSYNBSUB-PWY: L-arginine biosynthesis II (acetyl cycle)	0.00038126
ARGSYNBSUB-PWY: L-arginine biosynthesis II (acetyl cycle)|unclassified	0.000291463
ARGSYNBSUB-PWY: L-arginine biosynthesis II (acetyl cycle)|g__Adlercreutzia.s__Adlercreutzia_equolifaciens	3.38192e-05
ARGSYNBSUB-PWY: L-arginine biosynthesis II (acetyl cycle)|g__Asaccharobacter.s__Asaccharobacter_celatus	1.97316e-05
ARGSYNBSUB-PWY: L-arginine biosynthesis II (acetyl cycle)|g__Anaerostipes.s__Anaerostipes_hadrus	4.35546e-06
ARGSYNBSUB-PWY: L-arginine biosynthesis II (acetyl cycle)|g__Agathobaculum.s__Agathobaculum_butyriciproducens	1.65461e-06
PWY-6700: queuosine biosynthesis I (de novo)	0.000380043
PWY-6700: queuosine biosynthesis I (de novo)|unclassified	0.000316931
PWY-6700: queuosine biosynthesis I (de novo)|g__Adlercreutzia.s__Adlercreutzia_equolifaciens	2.88584e-05
PWY-6700: queuosine biosynthesis I (de novo)|g__Asaccharobacter.s__Asaccharobacter_celatus	1.08597e-05
PWY-6700: queuosine biosynthesis I (de novo)|g__Anaerostipes.s__Anaerostipes_hadrus	4.66991e-06
PWY-6700: queuosine biosynthesis I (de novo)|g__Agathobaculum.s__Agathobaculum_butyriciproducens	2.83798e-06
PWY-5667: CDP-diacylglycerol biosynthesis I	0.000377458
PWY-5667: CDP-diacylglycerol biosynthesis I|unclassified	0.000328772
PWY-5667: CDP-diacylglycerol biosynthesis I|g__Alistipes.s__Alistipes_finegoldii	5.23103e-06
PWY-5667: CDP-diacylglycerol biosynthesis I|g__Alistipes.s__Alistipes_onderdonkii	2.93261e-06
PWY-5667: CDP-diacylglycerol biosynthesis I|g__Anaerostipes.s__Anaerostipes_hadrus	2.77567e-06
PWY-5667: CDP-diacylglycerol biosynthesis I|g__Alistipes.s__Alistipes_indistinctus	2.525e-06
PWY0-1319: CDP-diacylglycerol biosynthesis II	0.000377458
PWY0-1319: CDP-diacylglycerol biosynthesis II|unclassified	0.000328772
PWY0-1319: CDP-diacylglycerol biosynthesis II|g__Alistipes.s__Alistipes_finegoldii	5.23103e-06
PWY0-1319: CDP-diacylglycerol biosynthesis II|g__Alistipes.s__Alistipes_onderdonkii	2.93261e-06
PWY0-1319: CDP-diacylglycerol biosynthesis II|g__Anaerostipes.s__Anaerostipes_hadrus	2.77567e-06
PWY0-1319: CDP-diacylglycerol biosynthesis II|g__Alistipes.s__Alistipes_indistinctus	2.525e-06
1CMET2-PWY: folate transformations III (E. coli)	0.000376984
1CMET2-PWY: folate transformations III (E. coli)|unclassified	0.000287984
1CMET2-PWY: folate transformations III (E. coli)|g__Alistipes.s__Alistipes_putredinis	4.62374e-05
1CMET2-PWY: folate transformations III (E. coli)|g__Alistipes.s__Alistipes_onderdonkii	5.1615e-06
1CMET2-PWY: folate transformations III (E. coli)|g__Anaerostipes.s__Anaerostipes_hadrus	3.6519e-06
1CMET2-PWY: folate transformations III (E. coli)|g__Alistipes.s__Alistipes_finegoldii	3.55816e-06
PWY-6124: inosine-5'-phosphate biosynthesis II	0.000374133
PWY-6124: inosine-5'-phosphate biosynthesis II|unclassified	0.000277235
PWY-6124: inosine-5'-phosphate biosynthesis II|g__Alistipes.s__Alistipes_putredinis	4.4618e-05
PWY-6124: inosine-5'-phosphate biosynthesis II|g__Alistipes.s__Alistipes_onderdonkii	8.07849e-06
PWY-6124: inosine-5'-phosphate biosynthesis II|g__Anaerostipes.s__Anaerostipes_hadrus	4.69877e-06
PWY-6124: inosine-5'-phosphate biosynthesis II|g__Alistipes.s__Alistipes_indistinctus	2.5326e-06
PWY-6124: inosine-5'-phosphate biosynthesis II|g__Alistipes.s__Alistipes_finegoldii	1.97146e-06
PWY-6124: inosine-5'-phosphate biosynthesis II|g__Alistipes.s__Alistipes_timonensis	1.2124e-06
PWY-6629: superpathway of L-tryptophan biosynthesis	0.000369215
PWY-6629: superpathway of L-tryptophan biosynthesis|unclassified	0.000321134
PWY-6629: superpathway of L-tryptophan biosynthesis|g__Anaerostipes.s__Anaerostipes_hadrus	4.71371e-06
PANTO-PWY: phosphopantothenate biosynthesis I	0.000367864
PANTO-PWY: phosphopantothenate biosynthesis I|unclassified	0.000273567
PANTO-PWY: phosphopantothenate biosynthesis I|g__Alistipes.s__Alistipes_putredinis	3.90261e-05
PANTO-PWY: phosphopantothenate biosynthesis I|g__Asaccharobacter.s__Asaccharobacter_celatus	1.75925e-05
PANTO-PWY: phosphopantothenate biosynthesis I|g__Adlercreutzia.s__Adlercreutzia_equolifaciens	1.13649e-05
PANTO-PWY: phosphopantothenate biosynthesis I|g__Alistipes.s__Alistipes_onderdonkii	6.92132e-06
PANTO-PWY: phosphopantothenate biosynthesis I|g__Agathobaculum.s__Agathobaculum_butyriciproducens	4.59262e-06
PANTO-PWY: phosphopantothenate biosynthesis I|g__Anaerostipes.s__Anaerostipes_hadrus	4.00548e-06
PANTO-PWY: phosphopantothenate biosynthesis I|g__Alistipes.s__Alistipes_indistinctus	3.57324e-06
PANTO-PWY: phosphopantothenate biosynthesis I|g__Alistipes.s__Alistipes_timonensis	1.83353e-06
CALVIN-PWY: Calvin-Benson-Bassham cycle	0.000357424
CALVIN-PWY: Calvin-Benson-Bassham cycle|unclassified	0.00029048
CALVIN-PWY: Calvin-Benson-Bassham cycle|g__Anaerostipes.s__Anaerostipes_hadrus	4.69455e-06
PWY-841: superpathway of purine nucleotides de novo biosynthesis I	0.000334818
PWY-841: superpathway of purine nucleotides de novo biosynthesis I|unclassified	0.000234891
PWY-7400: L-arginine biosynthesis IV (archaebacteria)	0.000328358
PWY-7400: L-arginine biosynthesis IV (archaebacteria)|unclassified	0.000258299
PWY-6126: superpathway of adenosine nucleotides de novo biosynthesis II	0.000324334
PWY-6126: superpathway of adenosine nucleotides de novo biosynthesis II|unclassified	0.000227154
TRPSYN-PWY: L-tryptophan biosynthesis	0.000319108
TRPSYN-PWY: L-tryptophan biosynthesis|unclassified	0.000307242
TRPSYN-PWY: L-tryptophan biosynthesis|g__Anaerostipes.s__Anaerostipes_hadrus	5.72747e-06
PWY0-1296: purine ribonucleosides degradation	0.000312727
PWY0-1296: purine ribonucleosides degradation|unclassified	0.000267553
PWY0-1296: purine ribonucleosides degradation|g__Anaerostipes.s__Anaerostipes_hadrus	1.79254e-06
PWY-7199: pyrimidine deoxyribonucleosides salvage	0.000311488
PWY-7199: pyrimidine deoxyribonucleosides salvage|unclassified	0.000259031
PWY-7199: pyrimidine deoxyribonucleosides salvage|g__Alistipes.s__Alistipes_onderdonkii	9.65603e-06
RIBOSYN2-PWY: flavin biosynthesis I (bacteria and plants)	0.000310793
RIBOSYN2-PWY: flavin biosynthesis I (bacteria and plants)|unclassified	0.000187397
RIBOSYN2-PWY: flavin biosynthesis I (bacteria and plants)|g__Adlercreutzia.s__Adlercreutzia_equolifaciens	2.55801e-05
RIBOSYN2-PWY: flavin biosynthesis I (bacteria and plants)|g__Asaccharobacter.s__Asaccharobacter_celatus	7.76885e-06
RIBOSYN2-PWY: flavin biosynthesis I (bacteria and plants)|g__Agathobaculum.s__Agathobaculum_butyriciproducens	3.1452e-06
THISYN-PWY: superpathway of thiamine diphosphate biosynthesis I	0.000308094
THISYN-PWY: superpathway of thiamine diphosphate biosynthesis I|unclassified	0.000195385
SER-GLYSYN-PWY: superpathway of L-serine and glycine biosynthesis I	0.000306763
SER-GLYSYN-PWY: superpathway of L-serine and glycine biosynthesis I|unclassified	0.000227457
SER-GLYSYN-PWY: superpathway of L-serine and glycine biosynthesis I|g__Alistipes.s__Alistipes_putredinis	4.16579e-05
SER-GLYSYN-PWY: superpathway of L-serine and glycine biosynthesis I|g__Adlercreutzia.s__Adlercreutzia_equolifaciens	2.09927e-05
SER-GLYSYN-PWY: superpathway of L-serine and glycine biosynthesis I|g__Asaccharobacter.s__Asaccharobacter_celatus	1.69973e-05
SER-GLYSYN-PWY: superpathway of L-serine and glycine biosynthesis I|g__Alistipes.s__Alistipes_onderdonkii	6.66739e-06
SER-GLYSYN-PWY: superpathway of L-serine and glycine biosynthesis I|g__Alistipes.s__Alistipes_shahii	6.33244e-06
SER-GLYSYN-PWY: superpathway of L-serine and glycine biosynthesis I|g__Alistipes.s__Alistipes_finegoldii	4.65224e-06
SER-GLYSYN-PWY: superpathway of L-serine and glycine biosynthesis I|g__Anaerostipes.s__Anaerostipes_hadrus	2.44262e-06
SER-GLYSYN-PWY: superpathway of L-serine and glycine biosynthesis I|g__Alistipes.s__Alistipes_timonensis	2.82503e-07
GLUTORN-PWY: L-ornithine biosynthesis I	0.000302119
GLUTORN-PWY: L-ornithine biosynthesis I|unclassified	0.000251346
GLUTORN-PWY: L-ornithine biosynthesis I|g__Alistipes.s__Alistipes_finegoldii	9.10462e-07
PWY-6270: isoprene biosynthesis I	0.000300919
PWY-6270: isoprene biosynthesis I|unclassified	0.000236831
PWY-6270: isoprene biosynthesis I|g__Anaerostipes.s__Anaerostipes_hadrus	2.35273e-06
PYRIDNUCSYN-PWY: NAD de novo biosynthesis I (from aspartate)	0.000300542
PYRIDNUCSYN-PWY: NAD de novo biosynthesis I (from aspartate)|unclassified	0.000197099
PYRIDNUCSYN-PWY: NAD de novo biosynthesis I (from aspartate)|g__Alistipes.s__Alistipes_putredinis	5.30518e-05
PYRIDNUCSYN-PWY: NAD de novo biosynthesis I (from aspartate)|g__Alistipes.s__Alistipes_shahii	1.18867e-05
PYRIDNUCSYN-PWY: NAD de novo biosynthesis I (from aspartate)|g__Alistipes.s__Alistipes_onderdonkii	6.39892e-06
PYRIDNUCSYN-PWY: NAD de novo biosynthesis I (from aspartate)|g__Anaerostipes.s__Anaerostipes_hadrus	3.41431e-06
PWY-7111: pyruvate fermentation to isobutanol (engineered)	0.000296296
PWY-7111: pyruvate fermentation to isobutanol (engineered)|unclassified	0.000215386
PWY-7111: pyruvate fermentation to isobutanol (engineered)|g__Anaerostipes.s__Anaerostipes_hadrus	5.73773e-06
PWY-7111: pyruvate fermentation to isobutanol (engineered)|g__Agathobaculum.s__Agathobaculum_butyriciproducens	3.55228e-06
PWY-5973: cis-vaccenate biosynthesis	0.000294058
PWY-5973: cis-vaccenate biosynthesis|unclassified	0.000225024
PWY-5973: cis-vaccenate biosynthesis|g__Alistipes.s__Alistipes_finegoldii	9.61709e-06
PWY-5973: cis-vaccenate biosynthesis|g__Alistipes.s__Alistipes_onderdonkii	1.91153e-06
PWY-6151: S-adenosyl-L-methionine salvage I	0.000293293
PWY-6151: S-adenosyl-L-methionine salvage I|unclassified	0.00027514
PWY-6151: S-adenosyl-L-methionine salvage I|g__Anaerostipes.s__Anaerostipes_hadrus	4.43641e-06
PWY-7228: superpathway of guanosine nucleotides de novo biosynthesis I	0.000292188
PWY-7228: superpathway of guanosine nucleotides de novo biosynthesis I|unclassified	0.000206352
PWY-5941: glycogen degradation II	0.000289093
PWY-5941: glycogen degradation II|unclassified	0.00026173
PWY-5941: glycogen degradation II|g__Anaerostipes.s__Anaerostipes_hadrus	4.99267e-06
PWY-5941: glycogen degradation II|g__Agathobaculum.s__Agathobaculum_butyriciproducens	1.96113e-06
PWY-7560: methylerythritol phosphate pathway II	0.000288422
PWY-7560: methylerythritol phosphate pathway II|unclassified	0.000231664
PWY-7560: methylerythritol phosphate pathway II|g__Anaerostipes.s__Anaerostipes_hadrus	3.29894e-06
PWY-6703: preQ0 biosynthesis	0.000285737
PWY-6703: preQ0 biosynthesis|unclassified	0.00022362
PWY-6703: preQ0 biosynthesis|g__Alistipes.s__Alistipes_putredinis	7.10291e-06
PWY-6703: preQ0 biosynthesis|g__Anaerostipes.s__Anaerostipes_hadrus	3.74739e-06
PWY0-162: superpathway of pyrimidine ribonucleotides de novo biosynthesis	0.000284378
PWY0-162: superpathway of pyrimidine ribonucleotides de novo biosynthesis|unclassified	0.00017182
PWY-3001: superpathway of L-isoleucine biosynthesis I	0.00028142
PWY-3001: superpathway of L-isoleucine biosynthesis I|unclassified	0.000212709
PWY-8187: L-arginine degradation XIII (reductive Stickland reaction)	0.000276175
PWY-8187: L-arginine degradation XIII (reductive Stickland reaction)|unclassified	9.55681e-05
PWY-8187: L-arginine degradation XIII (reductive Stickland reaction)|g__Adlercreutzia.s__Adlercreutzia_equolifaciens	4.46243e-05
PWY-8187: L-arginine degradation XIII (reductive Stickland reaction)|g__Asaccharobacter.s__Asaccharobacter_celatus	3.82442e-05
PWY-8178: pentose phosphate pathway (non-oxidative branch) II	0.000276011
PWY-8178: pentose phosphate pathway (non-oxidative branch) II|unclassified	0.000243117
PWY-8178: pentose phosphate pathway (non-oxidative branch) II|g__Anaerostipes.s__Anaerostipes_hadrus	4.31601e-06
PWY-8178: pentose phosphate pathway (non-oxidative branch) II|g__Agathobaculum.s__Agathobaculum_butyriciproducens	2.68858e-06
PWY-6147: 6-hydroxymethyl-dihydropterin diphosphate biosynthesis I	0.000270912
PWY-6147: 6-hydroxymethyl-dihydropterin diphosphate biosynthesis I|unclassified	0.000193457
PWY-6147: 6-hydroxymethyl-dihydropterin diphosphate biosynthesis I|g__Alistipes.s__Alistipes_putredinis	5.72209e-05
PWY-6897: thiamine diphosphate salvage II	0.000270157
PWY-6897: thiamine diphosphate salvage II|unclassified	0.000170262
PWY-6897: thiamine diphosphate salvage II|g__Asaccharobacter.s__Asaccharobacter_celatus	2.13382e-05
PWY-6897: thiamine diphosphate salvage II|g__Adlercreutzia.s__Adlercreutzia_equolifaciens	1.55926e-05
PWY-7663: gondoate biosynthesis (anaerobic)	0.00026617
PWY-7663: gondoate biosynthesis (anaerobic)|unclassified	0.000205128
PWY-7663: gondoate biosynthesis (anaerobic)|g__Alistipes.s__Alistipes_onderdonkii	1.07834e-05
PWY-7663: gondoate biosynthesis (anaerobic)|g__Alistipes.s__Alistipes_finegoldii	9.92614e-06
GLYCOGENSYNTH-PWY: glycogen biosynthesis I (from ADP-D-Glucose)	0.000265991
GLYCOGENSYNTH-PWY: glycogen biosynthesis I (from ADP-D-Glucose)|unclassified	0.000252865
GLYCOGENSYNTH-PWY: glycogen biosynthesis I (from ADP-D-Glucose)|g__Anaerostipes.s__Anaerostipes_hadrus	4.81077e-06
GLYCOGENSYNTH-PWY: glycogen biosynthesis I (from ADP-D-Glucose)|g__Agathobaculum.s__Agathobaculum_butyriciproducens	4.69628e-06
PWY-6125: superpathway of guanosine nucleotides de novo biosynthesis II	0.000263616
PWY-6125: superpathway of guanosine nucleotides de novo biosynthesis II|unclassified	0.000183235
OANTIGEN-PWY: O-antigen building blocks biosynthesis (E. coli)	0.00025719
OANTIGEN-PWY: O-antigen building blocks biosynthesis (E. coli)|unclassified	0.000179686
THRESYN-PWY: superpathway of L-threonine biosynthesis	0.000255463
THRESYN-PWY: superpathway of L-threonine biosynthesis|unclassified	0.000215328
THRESYN-PWY: superpathway of L-threonine biosynthesis|g__Anaerostipes.s__Anaerostipes_hadrus	2.63685e-06
PWY-6892: thiazole component of thiamine diphosphate biosynthesis I	0.000255416
PWY-6892: thiazole component of thiamine diphosphate biosynthesis I|unclassified	0.000220764
PWY-6892: thiazole component of thiamine diphosphate biosynthesis I|g__Anaerostipes.s__Anaerostipes_hadrus	6.59101e-06
PWY-6892: thiazole component of thiamine diphosphate biosynthesis I|g__Agathobaculum.s__Agathobaculum_butyriciproducens	4.19124e-06
PWY-7357: thiamine phosphate formation from pyrithiamine and oxythiamine (yeast)	0.000247495
PWY-7357: thiamine phosphate formation from pyrithiamine and oxythiamine (yeast)|unclassified	0.000179199
PWY-7357: thiamine phosphate formation from pyrithiamine and oxythiamine (yeast)|g__Asaccharobacter.s__Asaccharobacter_celatus	2.41955e-05
PWY-7357: thiamine phosphate formation from pyrithiamine and oxythiamine (yeast)|g__Adlercreutzia.s__Adlercreutzia_equolifaciens	1.80104e-05
THISYNARA-PWY: superpathway of thiamine diphosphate biosynthesis III (eukaryotes)	0.000245442
THISYNARA-PWY: superpathway of thiamine diphosphate biosynthesis III (eukaryotes)|unclassified	0.000163306
HSERMETANA-PWY: L-methionine biosynthesis III	0.00024429
HSERMETANA-PWY: L-methionine biosynthesis III|unclassified	0.000217471
HSERMETANA-PWY: L-methionine biosynthesis III|g__Anaerostipes.s__Anaerostipes_hadrus	4.59477e-06
RHAMCAT-PWY: L-rhamnose degradation I	0.000242115
RHAMCAT-PWY: L-rhamnose degradation I|unclassified	0.0002012
RHAMCAT-PWY: L-rhamnose degradation I|g__Adlercreutzia.s__Adlercreutzia_equolifaciens	3.88841e-05
RHAMCAT-PWY: L-rhamnose degradation I|g__Asaccharobacter.s__Asaccharobacter_celatus	1.11824e-05
RHAMCAT-PWY: L-rhamnose degradation I|g__Alistipes.s__Alistipes_onderdonkii	1.65717e-06
GLYCOLYSIS: glycolysis I (from glucose 6-phosphate)	0.000238976
GLYCOLYSIS: glycolysis I (from glucose 6-phosphate)|unclassified	0.000215879
NONOXIPENT-PWY: pentose phosphate pathway (non-oxidative branch) I	0.000236547
NONOXIPENT-PWY: pentose phosphate pathway (non-oxidative branch) I|unclassified	0.000211679
NONOXIPENT-PWY: pentose phosphate pathway (non-oxidative branch) I|g__Anaerostipes.s__Anaerostipes_hadrus	3.40042e-06
NONOXIPENT-PWY: pentose phosphate pathway (non-oxidative branch) I|g__Agathobaculum.s__Agathobaculum_butyriciproducens	2.97645e-06
PWY-5154: L-arginine biosynthesis III (via N-acetyl-L-citrulline)	0.000233916
PWY-5154: L-arginine biosynthesis III (via N-acetyl-L-citrulline)|unclassified	0.000190141
PWY-5154: L-arginine biosynthesis III (via N-acetyl-L-citrulline)|g__Alistipes.s__Alistipes_finegoldii	3.01313e-06
PWY-7237: myo-, chiro- and scyllo-inositol degradation	0.000232745
PWY-7237: myo-, chiro- and scyllo-inositol degradation|unclassified	0.000202881
PWY-7237: myo-, chiro- and scyllo-inositol degradation|g__Agathobaculum.s__Agathobaculum_butyriciproducens	2.47069e-05
PWY-7237: myo-, chiro- and scyllo-inositol degradation|g__Anaerostipes.s__Anaerostipes_hadrus	5.15693e-06
PWY-5484: glycolysis II (from fructose 6-phosphate)	0.000228113
PWY-5484: glycolysis II (from fructose 6-phosphate)|unclassified	0.000200134
ANAEROFRUCAT-PWY: homolactic fermentation	0.000227637
ANAEROFRUCAT-PWY: homolactic fermentation|unclassified	0.000202571
PWY-7282: 4-amino-2-methyl-5-diphosphomethylpyrimidine biosynthesis II	0.000226929
PWY-7282: 4-amino-2-methyl-5-diphosphomethylpyrimidine biosynthesis II|unclassified	0.000171518
PWY-7208: superpathway of pyrimidine nucleobases salvage	0.000226434
PWY-7208: superpathway of pyrimidine nucleobases salvage|unclassified	0.000148728
PWY-7208: superpathway of pyrimidine nucleobases salvage|g__Asaccharobacter.s__Asaccharobacter_celatus	3.15761e-05
PWY-7208: superpathway of pyrimidine nucleobases salvage|g__Adlercreutzia.s__Adlercreutzia_equolifaciens	4.09138e-06
PWY-7208: superpathway of pyrimidine nucleobases salvage|g__Anaerostipes.s__Anaerostipes_hadrus	3.9097e-06
PWY-6317: D-galactose degradation I (Leloir pathway)	0.000219611
PWY-6317: D-galactose degradation I (Leloir pathway)|unclassified	0.000206151
PWY-6317: D-galactose degradation I (Leloir pathway)|g__Anaerostipes.s__Anaerostipes_hadrus	4.99789e-06
PHOSLIPSYN-PWY: superpathway of phospholipid biosynthesis I (bacteria)	0.000213591
PHOSLIPSYN-PWY: superpathway of phospholipid biosynthesis I (bacteria)|unclassified	0.000191966
PWY-7220: adenosine deoxyribonucleotides de novo biosynthesis II	0.000208541
PWY-7220: adenosine deoxyribonucleotides de novo biosynthesis II|unclassified	0.000142013
PWY-7222: guanosine deoxyribonucleotides de novo biosynthesis II	0.000208541
PWY-7222: guanosine deoxyribonucleotides de novo biosynthesis II|unclassified	0.000142013
PWY-7234: inosine-5'-phosphate biosynthesis III	0.000207818
PWY-7234: inosine-5'-phosphate biosynthesis III|unclassified	8.16082e-05
PWY-7234: inosine-5'-phosphate biosynthesis III|g__Alistipes.s__Alistipes_putredinis	4.67851e-05
PWY-7234: inosine-5'-phosphate biosynthesis III|g__Alistipes.s__Alistipes_onderdonkii	7.40671e-06
PWY-7234: inosine-5'-phosphate biosynthesis III|g__Alistipes.s__Alistipes_finegoldii	2.75044e-06
PWY-6901: superpathway of glucose and xylose degradation	0.000197053
PWY-6901: superpathway of glucose and xylose degradation|unclassified	0.000176827
P41-PWY: pyruvate fermentation to acetate and (S)-lactate I	0.000192115
P41-PWY: pyruvate fermentation to acetate and (S)-lactate I|unclassified	0.000176731
P41-PWY: pyruvate fermentation to acetate and (S)-lactate I|g__Agathobaculum.s__Agathobaculum_butyriciproducens	1.88332e-06
P41-PWY: pyruvate fermentation to acetate and (S)-lactate I|g__Anaerostipes.s__Anaerostipes_hadrus	1.5683e-06
PWY-5100: pyruvate fermentation to acetate and lactate II	0.000192115
PWY-5100: pyruvate fermentation to acetate and lactate II|unclassified	0.000176731
PWY-5100: pyruvate fermentation to acetate and lactate II|g__Anaerostipes.s__Anaerostipes_hadrus	3.00606e-06
PWY-5100: pyruvate fermentation to acetate and lactate II|g__Agathobaculum.s__Agathobaculum_butyriciproducens	1.88332e-06
PWY-6527: stachyose degradation	0.000186267
PWY-6527: stachyose degradation|unclassified	0.000181943
PWY-6527: stachyose degradation|g__Anaerostipes.s__Anaerostipes_hadrus	2.27792e-06
GLUCONEO-PWY: gluconeogenesis I	0.000184895
GLUCONEO-PWY: gluconeogenesis I|unclassified	0.000151086
PENTOSE-P-PWY: pentose phosphate pathway	0.000183094
PENTOSE-P-PWY: pentose phosphate pathway|unclassified	0.000165017
UDPNAGSYN-PWY: UDP-N-acetyl-D-glucosamine biosynthesis I	0.000179822
UDPNAGSYN-PWY: UDP-N-acetyl-D-glucosamine biosynthesis I|unclassified	0.00011867
ASPASN-PWY: superpathway of L-aspartate and L-asparagine biosynthesis	0.000179673
ASPASN-PWY: superpathway of L-aspartate and L-asparagine biosynthesis|unclassified	0.000135452
PWY0-845: superpathway of pyridoxal 5'-phosphate biosynthesis and salvage	0.00017135
PWY0-845: superpathway of pyridoxal 5'-phosphate biosynthesis and salvage|unclassified	0.00015206
PWY-7197: pyrimidine deoxyribonucleotide phosphorylation	0.000170876
PWY-7197: pyrimidine deoxyribonucleotide phosphorylation|unclassified	9.38111e-05
PWY-7197: pyrimidine deoxyribonucleotide phosphorylation|g__Asaccharobacter.s__Asaccharobacter_celatus	2.12945e-05
PWY-7197: pyrimidine deoxyribonucleotide phosphorylation|g__Adlercreutzia.s__Adlercreutzia_equolifaciens	1.66153e-05
PWY-5659: GDP-mannose biosynthesis	0.000170749
PWY-5659: GDP-mannose biosynthesis|unclassified	0.000142248
PWY-5659: GDP-mannose biosynthesis|g__Alistipes.s__Alistipes_shahii	1.18318e-05
COLANSYN-PWY: colanic acid building blocks biosynthesis	0.000166554
COLANSYN-PWY: colanic acid building blocks biosynthesis|unclassified	0.000148964
PWY-6936: seleno-amino acid biosynthesis (plants)	0.000163912
PWY-6936: seleno-amino acid biosynthesis (plants)|unclassified	0.000152895
PWY-6936: seleno-amino acid biosynthesis (plants)|g__Anaerostipes.s__Anaerostipes_hadrus	3.49261e-06
PWY-7345: superpathway of anaerobic sucrose degradation	0.000160591
PWY-7345: superpathway of anaerobic sucrose degradation|unclassified	0.000141707
PYRIDOXSYN-PWY: pyridoxal 5'-phosphate biosynthesis I	0.000160003
PYRIDOXSYN-PWY: pyridoxal 5'-phosphate biosynthesis I|unclassified	0.000141012
PWY4FS-7: phosphatidylglycerol biosynthesis I (plastidic)	0.000156566
PWY4FS-7: phosphatidylglycerol biosynthesis I (plastidic)|unclassified	0.000137591
PWY4FS-8: phosphatidylglycerol biosynthesis II (non-plastidic)	0.000156566
PWY4FS-8: phosphatidylglycerol biosynthesis II (non-plastidic)|unclassified	0.000137591
COBALSYN-PWY: superpathway of adenosylcobalamin salvage from cobinamide I	0.000155589
COBALSYN-PWY: superpathway of adenosylcobalamin salvage from cobinamide I|unclassified	0.000147679
PWY-2941: L-lysine biosynthesis II	0.000155324
PWY-2941: L-lysine biosynthesis II|unclassified	0.000142198
HISDEG-PWY: L-histidine degradation I	0.000154999
HISDEG-PWY: L-histidine degradation I|unclassified	8.89224e-05
HISDEG-PWY: L-histidine degradation I|g__Alistipes.s__Alistipes_putredinis	3.84958e-05
HISDEG-PWY: L-histidine degradation I|g__Alistipes.s__Alistipes_shahii	1.05817e-05
HISDEG-PWY: L-histidine degradation I|g__Alistipes.s__Alistipes_finegoldii	6.17527e-06
HISDEG-PWY: L-histidine degradation I|g__Alistipes.s__Alistipes_onderdonkii	5.99801e-06
PWY-7761: NAD salvage pathway II (PNC IV cycle)	0.000154273
PWY-7761: NAD salvage pathway II (PNC IV cycle)|unclassified	0.000104959
PWY-6731: starch degradation III	0.000152006
PWY-6731: starch degradation III|unclassified	0.000142216
PWY-6731: starch degradation III|g__Agathobaculum.s__Agathobaculum_butyriciproducens	2.57095e-06
PWY-6823: molybdopterin biosynthesis	0.000151566
PWY-6823: molybdopterin biosynthesis|unclassified	0.000120119
PWY-6823: molybdopterin biosynthesis|g__Anaerostipes.s__Anaerostipes_hadrus	3.05094e-06
PWY-7323: superpathway of GDP-mannose-derived O-antigen building blocks biosynthesis	0.000151428
PWY-7323: superpathway of GDP-mannose-derived O-antigen building blocks biosynthesis|unclassified	0.000133585
GLYCOCAT-PWY: glycogen degradation I	0.000151401
GLYCOCAT-PWY: glycogen degradation I|unclassified	0.000101572
PWY-7456: &beta;-(1,4)-mannan degradation	0.000151223
PWY-7456: &beta;-(1,4)-mannan degradation|unclassified	0.000124377
DAPLYSINESYN-PWY: L-lysine biosynthesis I	0.000139879
DAPLYSINESYN-PWY: L-lysine biosynthesis I|unclassified	0.000110239
PWY-6628: superpathway of L-phenylalanine biosynthesis	0.000139414
PWY-6628: superpathway of L-phenylalanine biosynthesis|unclassified	0.000111031
PWY-1269: CMP-3-deoxy-D-manno-octulosonate biosynthesis	0.000131339
PWY-1269: CMP-3-deoxy-D-manno-octulosonate biosynthesis|unclassified	0.000108562
PWY-1269: CMP-3-deoxy-D-manno-octulosonate biosynthesis|g__Alistipes.s__Alistipes_shahii	1.10024e-05
GLYCOLYSIS-E-D: superpathway of glycolysis and the Entner-Doudoroff pathway	0.000131337
GLYCOLYSIS-E-D: superpathway of glycolysis and the Entner-Doudoroff pathway|unclassified	0.000125049
PWY66-409: superpathway of purine nucleotide salvage	0.000130719
PWY66-409: superpathway of purine nucleotide salvage|unclassified	0.000116798
PWY-5030: L-histidine degradation III	0.000128748
PWY-5030: L-histidine degradation III|unclassified	7.8345e-05
PWY-5030: L-histidine degradation III|g__Alistipes.s__Alistipes_putredinis	3.96621e-05
PWY-5030: L-histidine degradation III|g__Alistipes.s__Alistipes_shahii	9.59888e-06
PWY-5030: L-histidine degradation III|g__Alistipes.s__Alistipes_finegoldii	5.44535e-06
PWY-5030: L-histidine degradation III|g__Alistipes.s__Alistipes_onderdonkii	5.35729e-06
GLCMANNANAUT-PWY: superpathway of N-acetylglucosamine, N-acetylmannosamine and N-acetylneuraminate degradation	0.000128166
GLCMANNANAUT-PWY: superpathway of N-acetylglucosamine, N-acetylmannosamine and N-acetylneuraminate degradation|unclassified	0.000125254
PWY-621: sucrose degradation III (sucrose invertase)	0.000120528
PWY-621: sucrose degradation III (sucrose invertase)|unclassified	0.000101601
PWY-I9: L-cysteine biosynthesis VI (from L-methionine)	0.00012034
PWY-I9: L-cysteine biosynthesis VI (from L-methionine)|unclassified	0.00011574
PWY-I9: L-cysteine biosynthesis VI (from L-methionine)|g__Anaerostipes.s__Anaerostipes_hadrus	2.33807e-06
FERMENTATION-PWY: mixed acid fermentation	0.000120117
FERMENTATION-PWY: mixed acid fermentation|unclassified	0.000113203
PWY-6895: superpathway of thiamine diphosphate biosynthesis II	0.000113603
PWY-6895: superpathway of thiamine diphosphate biosynthesis II|unclassified	9.45978e-05
PWY-5130: 2-oxobutanoate degradation I	0.000113125
PWY-5130: 2-oxobutanoate degradation I|g__Alistipes.s__Alistipes_putredinis	4.5223e-05
PWY-5130: 2-oxobutanoate degradation I|unclassified	2.43857e-05
PWY-8004: Entner-Doudoroff pathway I	0.000112187
PWY-8004: Entner-Doudoroff pathway I|unclassified	0.00010628
ARGININE-SYN4-PWY: L-ornithine biosynthesis II	0.000111928
ARGININE-SYN4-PWY: L-ornithine biosynthesis II|unclassified	0.000108742
GLUCOSE1PMETAB-PWY: glucose and glucose-1-phosphate degradation	0.000111176
GLUCOSE1PMETAB-PWY: glucose and glucose-1-phosphate degradation|unclassified	0.000103565
PWY-5384: sucrose degradation IV (sucrose phosphorylase)	0.000107816
PWY-5384: sucrose degradation IV (sucrose phosphorylase)|unclassified	9.15439e-05
PWY0-1261: anhydromuropeptides recycling I	0.000105732
PWY0-1261: anhydromuropeptides recycling I|unclassified	9.85199e-05
PWY-6630: superpathway of L-tyrosine biosynthesis	0.000102871
PWY-6630: superpathway of L-tyrosine biosynthesis|unclassified	7.22682e-05
BIOTIN-BIOSYNTHESIS-PWY: biotin biosynthesis I	0.000102299
BIOTIN-BIOSYNTHESIS-PWY: biotin biosynthesis I|unclassified	6.50069e-05
PWY-7328: superpathway of UDP-glucose-derived O-antigen building blocks biosynthesis	0.000100681
PWY-7328: superpathway of UDP-glucose-derived O-antigen building blocks biosynthesis|unclassified	9.83898e-05
FASYN-ELONG-PWY: fatty acid elongation -- saturated	9.8539e-05
FASYN-ELONG-PWY: fatty acid elongation -- saturated|unclassified	5.91675e-05
FASYN-ELONG-PWY: fatty acid elongation -- saturated|g__Alistipes.s__Alistipes_finegoldii	7.33523e-06
FASYN-ELONG-PWY: fatty acid elongation -- saturated|g__Alistipes.s__Alistipes_onderdonkii	2.78467e-06
PWY-6969: TCA cycle V (2-oxoglutarate synthase)	9.71984e-05
PWY-6969: TCA cycle V (2-oxoglutarate synthase)|unclassified	5.68753e-05
PWY-241: C4 photosynthetic carbon assimilation cycle, NADP-ME type	9.62211e-05
PWY-241: C4 photosynthetic carbon assimilation cycle, NADP-ME type|unclassified	8.89811e-05
PWY-7117: C4 photosynthetic carbon assimilation cycle, PEPCK type	9.57379e-05
PWY-7117: C4 photosynthetic carbon assimilation cycle, PEPCK type|unclassified	9.36924e-05
GLUCUROCAT-PWY: superpathway of &beta;-D-glucuronosides degradation	9.50519e-05
GLUCUROCAT-PWY: superpathway of &beta;-D-glucuronosides degradation|unclassified	8.26401e-05
PWY-6608: guanosine nucleotides degradation III	9.2905e-05
PWY-6608: guanosine nucleotides degradation III|unclassified	8.95985e-05
PWY-7210: pyrimidine deoxyribonucleotides biosynthesis from CTP	9.19028e-05
PWY-7210: pyrimidine deoxyribonucleotides biosynthesis from CTP|unclassified	7.35439e-05
PWY-7664: oleate biosynthesis IV (anaerobic)	9.01283e-05
PWY-7664: oleate biosynthesis IV (anaerobic)|unclassified	5.35798e-05
PWY-7664: oleate biosynthesis IV (anaerobic)|g__Alistipes.s__Alistipes_finegoldii	7.07364e-06
PWY-7664: oleate biosynthesis IV (anaerobic)|g__Alistipes.s__Alistipes_onderdonkii	2.09984e-06
PWY-7184: pyrimidine deoxyribonucleotides de novo biosynthesis I	9.00054e-05
PWY-7184: pyrimidine deoxyribonucleotides de novo biosynthesis I|unclassified	7.62188e-05
PWY-6519: 8-amino-7-oxononanoate biosynthesis I	8.93925e-05
PWY-6519: 8-amino-7-oxononanoate biosynthesis I|unclassified	5.47098e-05
PWY-6545: pyrimidine deoxyribonucleotides de novo biosynthesis III	8.86499e-05
PWY-6545: pyrimidine deoxyribonucleotides de novo biosynthesis III|unclassified	7.51332e-05
PWY-5121: superpathway of geranylgeranyl diphosphate biosynthesis II (via MEP)	8.85476e-05
PWY-5121: superpathway of geranylgeranyl diphosphate biosynthesis II (via MEP)|unclassified	8.23475e-05
PWY-5505: L-glutamate and L-glutamine biosynthesis	8.6932e-05
PWY-5505: L-glutamate and L-glutamine biosynthesis|unclassified	8.0439e-05
PWY-702: L-methionine biosynthesis II	8.68012e-05
PWY-702: L-methionine biosynthesis II|unclassified	7.81347e-05
CITRULBIO-PWY: L-citrulline biosynthesis	8.54367e-05
CITRULBIO-PWY: L-citrulline biosynthesis|unclassified	5.97039e-05
CITRULBIO-PWY: L-citrulline biosynthesis|g__Alistipes.s__Alistipes_onderdonkii	6.28691e-06
CITRULBIO-PWY: L-citrulline biosynthesis|g__Alistipes.s__Alistipes_finegoldii	5.46459e-06
PWY-6549: L-glutamine biosynthesis III	8.2857e-05
PWY-6549: L-glutamine biosynthesis III|unclassified	7.80556e-05
GALACTUROCAT-PWY: D-galacturonate degradation I	8.23525e-05
GALACTUROCAT-PWY: D-galacturonate degradation I|unclassified	7.1403e-05
GALACTUROCAT-PWY: D-galacturonate degradation I|g__Alistipes.s__Alistipes_shahii	8.2597e-06
PWY-7315: dTDP-N-acetylthomosamine biosynthesis	8.12997e-05
PWY-7315: dTDP-N-acetylthomosamine biosynthesis|unclassified	8.01302e-05
PWY0-862: (5Z)-dodecenoate biosynthesis I	8.09193e-05
PWY0-862: (5Z)-dodecenoate biosynthesis I|unclassified	4.75877e-05
PWY0-862: (5Z)-dodecenoate biosynthesis I|g__Alistipes.s__Alistipes_finegoldii	6.75256e-06
PWY0-862: (5Z)-dodecenoate biosynthesis I|g__Alistipes.s__Alistipes_onderdonkii	1.58132e-06
PWY-6282: palmitoleate biosynthesis I (from (5Z)-dodec-5-enoate)	8.03174e-05
PWY-6282: palmitoleate biosynthesis I (from (5Z)-dodec-5-enoate)|unclassified	4.74038e-05
PWY-6282: palmitoleate biosynthesis I (from (5Z)-dodec-5-enoate)|g__Alistipes.s__Alistipes_finegoldii	6.69494e-06
PWY-6282: palmitoleate biosynthesis I (from (5Z)-dodec-5-enoate)|g__Alistipes.s__Alistipes_onderdonkii	2.22123e-06
PWY-5989: stearate biosynthesis II (bacteria and plants)	7.96136e-05
PWY-5989: stearate biosynthesis II (bacteria and plants)|unclassified	4.72306e-05
PWY-5989: stearate biosynthesis II (bacteria and plants)|g__Alistipes.s__Alistipes_finegoldii	5.82361e-06
PWY-5989: stearate biosynthesis II (bacteria and plants)|g__Alistipes.s__Alistipes_onderdonkii	2.19697e-06
PWY-7198: pyrimidine deoxyribonucleotides de novo biosynthesis IV	7.63963e-05
PWY-7198: pyrimidine deoxyribonucleotides de novo biosynthesis IV|unclassified	6.59866e-05
PWY-7185: UTP and CTP dephosphorylation I	7.57291e-05
PWY-7185: UTP and CTP dephosphorylation I|unclassified	7.26437e-05
PWY-7242: D-fructuronate degradation	7.46206e-05
PWY-7242: D-fructuronate degradation|unclassified	6.39945e-05
PWY-6507: 4-deoxy-L-threo-hex-4-enopyranuronate degradation	7.40796e-05
PWY-6507: 4-deoxy-L-threo-hex-4-enopyranuronate degradation|unclassified	6.34861e-05
PWY-4041: &gamma;-glutamyl cycle	7.33243e-05
PWY-4041: &gamma;-glutamyl cycle|unclassified	6.78786e-05
PYRIDNUCSAL-PWY: NAD salvage pathway I (PNC VI cycle)	7.28612e-05
PYRIDNUCSAL-PWY: NAD salvage pathway I (PNC VI cycle)|unclassified	6.63621e-05
PWY-6902: chitin degradation II (Vibrio)	7.26999e-05
PWY-6902: chitin degradation II (Vibrio)|unclassified	7.23991e-05
PWY-4984: urea cycle	7.21859e-05
PWY-4984: urea cycle|unclassified	5.05028e-05
PWY-4984: urea cycle|g__Alistipes.s__Alistipes_onderdonkii	6.00292e-06
PWY-4984: urea cycle|g__Alistipes.s__Alistipes_finegoldii	4.28389e-06
PWY-5913: partial TCA cycle (obligate autotrophs)	6.7084e-05
PWY-5913: partial TCA cycle (obligate autotrophs)|unclassified	6.60622e-05
P105-PWY: TCA cycle IV (2-oxoglutarate decarboxylase)	6.61312e-05
P105-PWY: TCA cycle IV (2-oxoglutarate decarboxylase)|unclassified	3.16734e-05
PWY-5188: tetrapyrrole biosynthesis I (from glutamate)	6.47581e-05
PWY-5188: tetrapyrrole biosynthesis I (from glutamate)|unclassified	6.07896e-05
PWY-5188: tetrapyrrole biosynthesis I (from glutamate)|g__Anaerostipes.s__Anaerostipes_hadrus	2.03535e-06
NAGLIPASYN-PWY: lipid IVA biosynthesis (E. coli)	6.47455e-05
NAGLIPASYN-PWY: lipid IVA biosynthesis (E. coli)|unclassified	6.13324e-05
PWY-8073: lipid IVA biosynthesis (P. putida)	6.47455e-05
PWY-8073: lipid IVA biosynthesis (P. putida)|unclassified	6.13324e-05
PWY3O-4107: NAD salvage pathway V (PNC V cycle)	6.38044e-05
PWY3O-4107: NAD salvage pathway V (PNC V cycle)|unclassified	6.1617e-05
PWY-6292: superpathway of L-cysteine biosynthesis (mammalian)	6.18295e-05
PWY-6292: superpathway of L-cysteine biosynthesis (mammalian)|unclassified	5.06099e-05
PWY0-1297: superpathway of purine deoxyribonucleosides degradation	5.88775e-05
PWY0-1297: superpathway of purine deoxyribonucleosides degradation|unclassified	5.76307e-05
PWY-8131: 5'-deoxyadenosine degradation II	5.32278e-05
PWY-8131: 5'-deoxyadenosine degradation II|unclassified	5.00007e-05
PWY-7392: taxadiene biosynthesis (engineered)	5.22512e-05
PWY-7392: taxadiene biosynthesis (engineered)|unclassified	5.02065e-05
PWY-6305: superpathway of putrescine biosynthesis	5.16546e-05
PWY-6305: superpathway of putrescine biosynthesis|unclassified	3.61536e-05
P441-PWY: superpathway of N-acetylneuraminate degradation	5.09345e-05
P441-PWY: superpathway of N-acetylneuraminate degradation|unclassified	4.94563e-05
P42-PWY: incomplete reductive TCA cycle	5.07113e-05
P42-PWY: incomplete reductive TCA cycle|unclassified	4.00035e-05
PWY-1861: formaldehyde assimilation II (assimilatory RuMP Cycle)	5.0357e-05
PWY-1861: formaldehyde assimilation II (assimilatory RuMP Cycle)|unclassified	3.32345e-05
PWY-7211: superpathway of pyrimidine deoxyribonucleotides de novo biosynthesis	4.66632e-05
PWY-7211: superpathway of pyrimidine deoxyribonucleotides de novo biosynthesis|unclassified	2.43322e-05
P164-PWY: purine nucleobases degradation I (anaerobic)	4.54533e-05
P164-PWY: purine nucleobases degradation I (anaerobic)|unclassified	4.45072e-05
GALACT-GLUCUROCAT-PWY: superpathway of hexuronide and hexuronate degradation	4.502e-05
GALACT-GLUCUROCAT-PWY: superpathway of hexuronide and hexuronate degradation|unclassified	1.5298e-05
ARG+POLYAMINE-SYN: superpathway of arginine and polyamine biosynthesis	4.4297e-05
ARG+POLYAMINE-SYN: superpathway of arginine and polyamine biosynthesis|unclassified	4.22948e-05
PWY-5676: acetyl-CoA fermentation to butanoate II	4.27823e-05
PWY-5676: acetyl-CoA fermentation to butanoate II|unclassified	4.17947e-05
PWY-5676: acetyl-CoA fermentation to butanoate II|g__Anaerostipes.s__Anaerostipes_hadrus	4.27124e-06
POLYISOPRENSYN-PWY: polyisoprenoid biosynthesis (E. coli)	4.06201e-05
POLYISOPRENSYN-PWY: polyisoprenoid biosynthesis (E. coli)|unclassified	3.89533e-05
PWY-6353: purine nucleotides degradation II (aerobic)	4.06149e-05
PWY-6353: purine nucleotides degradation II (aerobic)|unclassified	2.72782e-05
METH-ACETATE-PWY: methanogenesis from acetate	3.98685e-05
METH-ACETATE-PWY: methanogenesis from acetate|unclassified	3.93116e-05
P461-PWY: hexitol fermentation to lactate, formate, ethanol and acetate	3.92855e-05
P461-PWY: hexitol fermentation to lactate, formate, ethanol and acetate|unclassified	2.51683e-05
P461-PWY: hexitol fermentation to lactate, formate, ethanol and acetate|g__Anaerostipes.s__Anaerostipes_hadrus	5.43532e-06
PWY-5497: purine nucleobases degradation II (anaerobic)	3.76013e-05
PWY-5497: purine nucleobases degradation II (anaerobic)|unclassified	2.58956e-05
PWY-6590: superpathway of Clostridium acetobutylicum acidogenic fermentation	3.69638e-05
PWY-6590: superpathway of Clostridium acetobutylicum acidogenic fermentation|unclassified	3.52971e-05
PWY-7356: thiamine diphosphate salvage IV (yeast)	3.66659e-05
PWY-7356: thiamine diphosphate salvage IV (yeast)|unclassified	2.91705e-05
PWY0-781: aspartate superpathway	3.5682e-05
PWY0-781: aspartate superpathway|unclassified	2.10587e-05
PWY-6906: chitin derivatives degradation	3.54381e-05
PWY-6906: chitin derivatives degradation|unclassified	3.52349e-05
MET-SAM-PWY: superpathway of S-adenosyl-L-methionine biosynthesis	3.43581e-05
MET-SAM-PWY: superpathway of S-adenosyl-L-methionine biosynthesis|unclassified	3.36695e-05
PWY-5347: superpathway of L-methionine biosynthesis (transsulfuration)	3.41615e-05
PWY-5347: superpathway of L-methionine biosynthesis (transsulfuration)|unclassified	3.35644e-05
PWY-5981: CDP-diacylglycerol biosynthesis III	3.41593e-05
PWY-5981: CDP-diacylglycerol biosynthesis III|unclassified	3.3868e-05
P4-PWY: superpathway of L-lysine, L-threonine and L-methionine biosynthesis I	3.40536e-05
P4-PWY: superpathway of L-lysine, L-threonine and L-methionine biosynthesis I|unclassified	2.00286e-05
P185-PWY: formaldehyde assimilation III (dihydroxyacetone cycle)	3.10313e-05
P185-PWY: formaldehyde assimilation III (dihydroxyacetone cycle)|unclassified	2.59562e-05
METSYN-PWY: superpathway of L-homoserine and L-methionine biosynthesis	3.07558e-05
METSYN-PWY: superpathway of L-homoserine and L-methionine biosynthesis|unclassified	3.02199e-05
FOLSYN-PWY: superpathway of tetrahydrofolate biosynthesis and salvage	2.91732e-05
FOLSYN-PWY: superpathway of tetrahydrofolate biosynthesis and salvage|unclassified	2.24652e-05
CENTFERM-PWY: pyruvate fermentation to butanoate	2.88522e-05
CENTFERM-PWY: pyruvate fermentation to butanoate|unclassified	2.76811e-05
HEXITOLDEGSUPER-PWY: superpathway of hexitol degradation (bacteria)	2.88415e-05
HEXITOLDEGSUPER-PWY: superpathway of hexitol degradation (bacteria)|unclassified	1.08468e-05
PWY-6470: peptidoglycan biosynthesis V (&beta;-lactam resistance)	2.6324e-05
PWY-6470: peptidoglycan biosynthesis V (&beta;-lactam resistance)|unclassified	2.5994e-05
PWY-6606: guanosine nucleotides degradation II	2.39235e-05
PWY-6606: guanosine nucleotides degradation II|unclassified	1.17724e-05
POLYAMSYN-PWY: superpathway of polyamine biosynthesis I	2.37285e-05
POLYAMSYN-PWY: superpathway of polyamine biosynthesis I|unclassified	2.30111e-05
PWY-6859: all-trans-farnesol biosynthesis	2.33605e-05
PWY-6859: all-trans-farnesol biosynthesis|unclassified	2.28894e-05
P108-PWY: pyruvate fermentation to propanoate I	2.2315e-05
P108-PWY: pyruvate fermentation to propanoate I|unclassified	1.99238e-05
PWY0-1477: ethanolamine utilization	2.22903e-05
PWY0-1477: ethanolamine utilization|unclassified	2.1709e-05
GOLPDLCAT-PWY: superpathway of glycerol degradation to 1,3-propanediol	2.11455e-05
GOLPDLCAT-PWY: superpathway of glycerol degradation to 1,3-propanediol|unclassified	1.57066e-05
GOLPDLCAT-PWY: superpathway of glycerol degradation to 1,3-propanediol|g__Anaerostipes.s__Anaerostipes_hadrus	2.35545e-06
SALVADEHYPOX-PWY: adenosine nucleotides degradation II	2.08511e-05
SALVADEHYPOX-PWY: adenosine nucleotides degradation II|unclassified	1.35713e-05
LACTOSECAT-PWY: lactose and galactose degradation I	2.04822e-05
LACTOSECAT-PWY: lactose and galactose degradation I|unclassified	1.53565e-05
LACTOSECAT-PWY: lactose and galactose degradation I|g__Anaerostipes.s__Anaerostipes_hadrus	4.67898e-06
PWY-7992: superpathway of menaquinol-8 biosynthesis III	1.99641e-05
PWY-7992: superpathway of menaquinol-8 biosynthesis III|unclassified	1.11598e-05
PWY-6612: superpathway of tetrahydrofolate biosynthesis	1.99074e-05
PWY-6612: superpathway of tetrahydrofolate biosynthesis|unclassified	1.53337e-05
PWY0-1298: superpathway of pyrimidine deoxyribonucleosides degradation	1.98363e-05
PWY0-1298: superpathway of pyrimidine deoxyribonucleosides degradation|unclassified	1.81572e-05
GLUDEG-I-PWY: GABA shunt	1.96411e-05
GLUDEG-I-PWY: GABA shunt|unclassified	1.94742e-05
PWY-5022: 4-aminobutanoate degradation V	1.91351e-05
POLYAMINSYN3-PWY: superpathway of polyamine biosynthesis II	1.91016e-05
POLYAMINSYN3-PWY: superpathway of polyamine biosynthesis II|unclassified	1.34532e-05
PPGPPMET-PWY: ppGpp metabolism	1.90624e-05
PPGPPMET-PWY: ppGpp metabolism|unclassified	1.57886e-05
PWY-7200: superpathway of pyrimidine deoxyribonucleoside salvage	1.88969e-05
PWY-7200: superpathway of pyrimidine deoxyribonucleoside salvage|unclassified	1.81428e-05
PWY0-1241: ADP-L-glycero-&beta;-D-manno-heptose biosynthesis	1.87716e-05
PWY0-1241: ADP-L-glycero-&beta;-D-manno-heptose biosynthesis|unclassified	1.84058e-05
PWY4LZ-257: superpathway of fermentation (Chlamydomonas reinhardtii)	1.87464e-05
PWY4LZ-257: superpathway of fermentation (Chlamydomonas reinhardtii)|unclassified	1.84459e-05
HOMOSER-METSYN-PWY: L-methionine biosynthesis I	1.81239e-05
HOMOSER-METSYN-PWY: L-methionine biosynthesis I|unclassified	1.80337e-05
P124-PWY: Bifidobacterium shunt	1.80807e-05
P124-PWY: Bifidobacterium shunt|unclassified	1.79157e-05
FUC-RHAMCAT-PWY: superpathway of fucose and rhamnose degradation	1.79541e-05
FUC-RHAMCAT-PWY: superpathway of fucose and rhamnose degradation|unclassified	1.75131e-05
PWY-5345: superpathway of L-methionine biosynthesis (by sulfhydrylation)	1.78074e-05
PWY-5345: superpathway of L-methionine biosynthesis (by sulfhydrylation)|unclassified	1.76751e-05
NAD-BIOSYNTHESIS-II: NAD salvage pathway III (to nicotinamide riboside)	1.75897e-05
NAD-BIOSYNTHESIS-II: NAD salvage pathway III (to nicotinamide riboside)|unclassified	1.75136e-05
P23-PWY: reductive TCA cycle I	1.73336e-05
P23-PWY: reductive TCA cycle I|unclassified	1.64753e-05
P621-PWY: nylon-6 oligomer degradation	1.73195e-05
P621-PWY: nylon-6 oligomer degradation|unclassified	1.73195e-05
PWY-6595: superpathway of guanosine nucleotides degradation (plants)	1.67911e-05
PWY-6595: superpathway of guanosine nucleotides degradation (plants)|unclassified	2.7747e-06
P161-PWY: acetylene degradation (anaerobic)	1.56177e-05
P161-PWY: acetylene degradation (anaerobic)|unclassified	1.53301e-05
PWY-6607: guanosine nucleotides degradation I	1.507e-05
PWY-6607: guanosine nucleotides degradation I|unclassified	2.6976e-06
TCA: TCA cycle I (prokaryotic)	1.48703e-05
TCA: TCA cycle I (prokaryotic)|unclassified	1.29471e-05
SULFATE-CYS-PWY: superpathway of sulfate assimilation and cysteine biosynthesis	1.47846e-05
SULFATE-CYS-PWY: superpathway of sulfate assimilation and cysteine biosynthesis|unclassified	1.46652e-05
HEMESYN2-PWY: heme b biosynthesis II (oxygen-independent)	1.42628e-05
HEMESYN2-PWY: heme b biosynthesis II (oxygen-independent)|unclassified	1.36037e-05
PWY-5910: superpathway of geranylgeranyldiphosphate biosynthesis I (via mevalonate)	1.39584e-05
PWY-5910: superpathway of geranylgeranyldiphosphate biosynthesis I (via mevalonate)|unclassified	1.38796e-05
PWY-6992: 1,5-anhydrofructose degradation	1.35866e-05
PWY-6992: 1,5-anhydrofructose degradation|unclassified	1.34126e-05
PWY-6531: mannitol cycle	1.27086e-05
PWY-6531: mannitol cycle|unclassified	1.10931e-05
PWY-5136: fatty acid &beta;-oxidation II (plant peroxisome)	1.21091e-05
PWY-5136: fatty acid &beta;-oxidation II (plant peroxisome)|unclassified	1.19539e-05
PWY-922: mevalonate pathway I (eukaryotes and bacteria)	1.19048e-05
PWY-922: mevalonate pathway I (eukaryotes and bacteria)|unclassified	1.18663e-05
PWY-7013: (S)-propane-1,2-diol degradation	1.1663e-05
PWY-7013: (S)-propane-1,2-diol degradation|unclassified	1.15018e-05
PWY-7115: C4 photosynthetic carbon assimilation cycle, NAD-ME type	1.15186e-05
PWY-7115: C4 photosynthetic carbon assimilation cycle, NAD-ME type|unclassified	1.14103e-05
HEME-BIOSYNTHESIS-II: heme b biosynthesis I (aerobic)	1.09672e-05
HEME-BIOSYNTHESIS-II: heme b biosynthesis I (aerobic)|unclassified	1.06756e-05
P125-PWY: superpathway of (R,R)-butanediol biosynthesis	1.07461e-05
P125-PWY: superpathway of (R,R)-butanediol biosynthesis|unclassified	1.07402e-05
PWY0-1061: superpathway of L-alanine biosynthesis	1.0716e-05
PWY0-1061: superpathway of L-alanine biosynthesis|unclassified	1.06078e-05
PWY-6803: phosphatidylcholine acyl editing	1.04874e-05
PWY-6803: phosphatidylcholine acyl editing|unclassified	1.04392e-05
GLYOXYLATE-BYPASS: glyoxylate cycle	1.04085e-05
GLYOXYLATE-BYPASS: glyoxylate cycle|unclassified	1.02764e-05
GALACTITOLCAT-PWY: galactitol degradation	1.03706e-05
GALACTITOLCAT-PWY: galactitol degradation|g__Anaerostipes.s__Anaerostipes_hadrus	5.53329e-06
GALACTITOLCAT-PWY: galactitol degradation|unclassified	3.45688e-06
PWY-5838: superpathway of menaquinol-8 biosynthesis I	1.0004e-05
PWY-5838: superpathway of menaquinol-8 biosynthesis I|unclassified	9.9127e-06
PWY-6293: superpathway of L-cysteine biosynthesis (fungi)	9.99528e-06
PWY-6293: superpathway of L-cysteine biosynthesis (fungi)|unclassified	9.97067e-06
PWY-7254: TCA cycle VII (acetate-producers)	9.5257e-06
PWY-7254: TCA cycle VII (acetate-producers)|unclassified	9.22032e-06
RUMP-PWY: formaldehyde oxidation I	9.27137e-06
RUMP-PWY: formaldehyde oxidation I|unclassified	8.7414e-06
PWY-5690: TCA cycle II (plants and fungi)	8.94963e-06
PWY-5690: TCA cycle II (plants and fungi)|unclassified	8.22018e-06
METHGLYUT-PWY: superpathway of methylglyoxal degradation	8.93175e-06
METHGLYUT-PWY: superpathway of methylglyoxal degradation|unclassified	8.85875e-06
ORNDEG-PWY: superpathway of ornithine degradation	8.9161e-06
ORNDEG-PWY: superpathway of ornithine degradation|unclassified	8.9161e-06
PWY-5897: superpathway of menaquinol-11 biosynthesis	8.81136e-06
PWY-5897: superpathway of menaquinol-11 biosynthesis|unclassified	8.73936e-06
PWY-5898: superpathway of menaquinol-12 biosynthesis	8.81136e-06
PWY-5898: superpathway of menaquinol-12 biosynthesis|unclassified	8.73936e-06
PWY-5899: superpathway of menaquinol-13 biosynthesis	8.81136e-06
PWY-5899: superpathway of menaquinol-13 biosynthesis|unclassified	8.73936e-06
FUCCAT-PWY: fucose degradation	8.41351e-06
FUCCAT-PWY: fucose degradation|unclassified	8.41066e-06
PWY-7391: isoprene biosynthesis II (engineered)	8.14525e-06
PWY-7391: isoprene biosynthesis II (engineered)|unclassified	8.12945e-06
PWY-5004: superpathway of L-citrulline metabolism	7.94406e-06
PWY-5004: superpathway of L-citrulline metabolism|unclassified	7.81486e-06
PWY-7371: 1,4-dihydroxy-6-naphthoate biosynthesis II	7.89485e-06
PWY-7371: 1,4-dihydroxy-6-naphthoate biosynthesis II|unclassified	4.34873e-06
PWY-5845: superpathway of menaquinol-9 biosynthesis	7.34727e-06
PWY-5845: superpathway of menaquinol-9 biosynthesis|unclassified	7.29791e-06
PWY-561: superpathway of glyoxylate cycle and fatty acid degradation	7.22274e-06
PWY-561: superpathway of glyoxylate cycle and fatty acid degradation|unclassified	6.87397e-06
SO4ASSIM-PWY: assimilatory sulfate reduction I	6.7572e-06
SO4ASSIM-PWY: assimilatory sulfate reduction I|unclassified	6.75667e-06
PWY-5861: superpathway of demethylmenaquinol-8 biosynthesis I	6.73064e-06
PWY-5861: superpathway of demethylmenaquinol-8 biosynthesis I|unclassified	6.70373e-06
TCA-GLYOX-BYPASS: superpathway of glyoxylate bypass and TCA	6.71946e-06
TCA-GLYOX-BYPASS: superpathway of glyoxylate bypass and TCA|unclassified	6.37704e-06
REDCITCYC: TCA cycle VI (Helicobacter)	6.66416e-06
REDCITCYC: TCA cycle VI (Helicobacter)|unclassified	6.56214e-06
PWY0-301: L-ascorbate degradation I (bacterial, anaerobic)	6.56101e-06
PWY0-301: L-ascorbate degradation I (bacterial, anaerobic)|unclassified	6.52927e-06
PWY-801: homocysteine and cysteine interconversion	6.11422e-06
PWY-801: homocysteine and cysteine interconversion|unclassified	6.10909e-06
PWY-6961: L-ascorbate degradation II (bacterial, aerobic)	6.00399e-06
PWY-6961: L-ascorbate degradation II (bacterial, aerobic)|unclassified	5.98269e-06
PWY-6174: mevalonate pathway II (haloarchaea)	5.75153e-06
PWY-6174: mevalonate pathway II (haloarchaea)|unclassified	5.74253e-06
PWY-8125: mevalonate pathway IV (archaea)	5.75153e-06
PWY-8125: mevalonate pathway IV (archaea)|unclassified	5.74253e-06
PWY-5104: L-isoleucine biosynthesis IV	5.51507e-06
PWY-5104: L-isoleucine biosynthesis IV|unclassified	5.49644e-06
PWY-7286: 7-(3-amino-3-carboxypropyl)-wyosine biosynthesis	5.46104e-06
PWY-7286: 7-(3-amino-3-carboxypropyl)-wyosine biosynthesis|unclassified	5.45534e-06
PWY-5918: superpathway of heme b biosynthesis from glutamate	5.3686e-06
PWY-5918: superpathway of heme b biosynthesis from glutamate|unclassified	5.32828e-06
PWY-5005: biotin biosynthesis II	5.31325e-06
PWY-5005: biotin biosynthesis II|unclassified	5.31207e-06
PWY66-367: ketogenesis	5.03593e-06
PWY66-367: ketogenesis|unclassified	5.03248e-06
PWY-5180: toluene degradation I (aerobic) (via o-cresol)	4.94417e-06
PWY-5180: toluene degradation I (aerobic) (via o-cresol)|unclassified	4.94417e-06
PWY-5862: superpathway of demethylmenaquinol-9 biosynthesis	4.93117e-06
PWY-5862: superpathway of demethylmenaquinol-9 biosynthesis|unclassified	4.91671e-06
PWY-6572: chondroitin sulfate degradation I (bacterial)	4.82668e-06
PWY-6572: chondroitin sulfate degradation I (bacterial)|unclassified	4.82668e-06
PWY-6876: isopropanol biosynthesis (engineered)	4.77084e-06
PWY-6876: isopropanol biosynthesis (engineered)|unclassified	4.75193e-06
PWY490-3: nitrate reduction VI (assimilatory)	4.60854e-06
PWY490-3: nitrate reduction VI (assimilatory)|unclassified	4.60642e-06
FASYN-INITIAL-PWY: superpathway of fatty acid biosynthesis initiation (E. coli)	4.55374e-06
FASYN-INITIAL-PWY: superpathway of fatty acid biosynthesis initiation (E. coli)|unclassified	4.54489e-06
PWY-821: superpathway of sulfur amino acid biosynthesis (Saccharomyces cerevisiae)	4.47292e-06
PWY-821: superpathway of sulfur amino acid biosynthesis (Saccharomyces cerevisiae)|unclassified	4.46849e-06
PWY-6165: chorismate biosynthesis II (archaea)	4.44995e-06
PWY-6165: chorismate biosynthesis II (archaea)|unclassified	4.44033e-06
PWY-7688: dTDP-&alpha;-D-ravidosamine and dTDP-4-acetyl-&alpha;-D-ravidosamine biosynthesis	4.35503e-06
PWY-7688: dTDP-&alpha;-D-ravidosamine and dTDP-4-acetyl-&alpha;-D-ravidosamine biosynthesis|unclassified	4.35163e-06
PWY-8188: L-alanine degradation VI (reductive Stickland reaction)	4.21827e-06
PWY-8188: L-alanine degradation VI (reductive Stickland reaction)|unclassified	2.78717e-06
PWY-8189: L-alanine degradation V (oxidative Stickland reaction)	4.21827e-06
PWY-8189: L-alanine degradation V (oxidative Stickland reaction)|unclassified	2.78717e-06
PROPFERM-PWY: superpathway of L-alanine fermentation (Stickland reaction)	4.21827e-06
PROPFERM-PWY: superpathway of L-alanine fermentation (Stickland reaction)|unclassified	2.78717e-06
PWY-5198: factor 420 biosynthesis II (mycobacteria)	4.14912e-06
PWY-5198: factor 420 biosynthesis II (mycobacteria)|unclassified	4.14912e-06
PWY-7942: 5-oxo-L-proline metabolism	4.09104e-06
PWY-7942: 5-oxo-L-proline metabolism|unclassified	4.084e-06
PWY-8112: factor 420 biosynthesis I (archaea)	4.01397e-06
PWY-8112: factor 420 biosynthesis I (archaea)|unclassified	4.01397e-06
PWY0-1277: 3-phenylpropanoate and 3-(3-hydroxyphenyl)propanoate degradation	3.93102e-06
PWY0-1277: 3-phenylpropanoate and 3-(3-hydroxyphenyl)propanoate degradation|unclassified	3.93102e-06
PWY-5415: catechol degradation I (meta-cleavage pathway)	3.81447e-06
PWY-5415: catechol degradation I (meta-cleavage pathway)|unclassified	3.81447e-06
PWY-6349: CDP-archaeol biosynthesis	3.71906e-06
PWY-6349: CDP-archaeol biosynthesis|unclassified	3.71104e-06
PWY-822: fructan biosynthesis	3.69674e-06
PWY-822: fructan biosynthesis|unclassified	3.69674e-06
FAO-PWY: fatty acid &beta;-oxidation I (generic)	3.68978e-06
FAO-PWY: fatty acid &beta;-oxidation I (generic)|unclassified	3.67394e-06
PWY-7883: anhydromuropeptides recycling II	3.65157e-06
PWY-7883: anhydromuropeptides recycling II|unclassified	3.64573e-06
PWY-8113: 3PG-factor 420 biosynthesis	3.58919e-06
PWY-8113: 3PG-factor 420 biosynthesis|unclassified	3.58919e-06
METHANOGENESIS-PWY: methanogenesis from H2 and CO2	3.50492e-06
METHANOGENESIS-PWY: methanogenesis from H2 and CO2|unclassified	3.50492e-06
PWY66-389: phytol degradation	3.45181e-06
PWY66-389: phytol degradation|unclassified	3.44206e-06
PWY-6922: L-N&delta;-acetylornithine biosynthesis	3.44141e-06
PWY-6922: L-N&delta;-acetylornithine biosynthesis|unclassified	3.38646e-06
PWY-6143: CMP-pseudaminate biosynthesis	3.40046e-06
PWY-6143: CMP-pseudaminate biosynthesis|unclassified	3.40046e-06
PWY-7312: dTDP-&beta;-D-fucofuranose biosynthesis	3.2909e-06
PWY-7312: dTDP-&beta;-D-fucofuranose biosynthesis|unclassified	3.28895e-06
PWY-5675: nitrate reduction V (assimilatory)	3.27049e-06
PWY-5675: nitrate reduction V (assimilatory)|unclassified	3.26942e-06
HCAMHPDEG-PWY: 3-phenylpropanoate and 3-(3-hydroxyphenyl)propanoate degradation to 2-hydroxypentadienoate	3.25956e-06
HCAMHPDEG-PWY: 3-phenylpropanoate and 3-(3-hydroxyphenyl)propanoate degradation to 2-hydroxypentadienoate|unclassified	3.25956e-06
PWY-6690: cinnamate and 3-hydroxycinnamate degradation to 2-hydroxypentadienoate	3.25956e-06
PWY-6690: cinnamate and 3-hydroxycinnamate degradation to 2-hydroxypentadienoate|unclassified	3.25956e-06
PWY-6350: archaetidylinositol biosynthesis	3.19445e-06
PWY-6350: archaetidylinositol biosynthesis|unclassified	3.18972e-06
CRNFORCAT-PWY: creatinine degradation I	3.18207e-06
CRNFORCAT-PWY: creatinine degradation I|unclassified	3.18207e-06
PWY-5837: 2-carboxy-1,4-naphthoquinol biosynthesis	2.98944e-06
PWY-5837: 2-carboxy-1,4-naphthoquinol biosynthesis|unclassified	2.98636e-06
ARGDEG-PWY: superpathway of L-arginine, putrescine, and 4-aminobutanoate degradation	2.84671e-06
ARGDEG-PWY: superpathway of L-arginine, putrescine, and 4-aminobutanoate degradation|unclassified	2.83983e-06
ORNARGDEG-PWY: superpathway of L-arginine and L-ornithine degradation	2.84671e-06
ORNARGDEG-PWY: superpathway of L-arginine and L-ornithine degradation|unclassified	2.83983e-06
PWY1ZNC-1: assimilatory sulfate reduction IV	2.76646e-06
PWY1ZNC-1: assimilatory sulfate reduction IV|unclassified	1.59984e-06
PWY-7434: terminal O-glycans residues modification (via type 2 precursor disaccharide)	2.73374e-06
PWY-7434: terminal O-glycans residues modification (via type 2 precursor disaccharide)|unclassified	2.73374e-06
PWY-5209: methyl-coenzyme M oxidation to CO2	2.6495e-06
PWY-5209: methyl-coenzyme M oxidation to CO2|unclassified	2.6495e-06
PWY-7118: chitin deacetylation	2.6233e-06
PWY-7118: chitin deacetylation|unclassified	2.6233e-06
CATECHOL-ORTHO-CLEAVAGE-PWY: catechol degradation to &beta;-ketoadipate	2.39068e-06
CATECHOL-ORTHO-CLEAVAGE-PWY: catechol degradation to &beta;-ketoadipate|unclassified	2.39068e-06
HEME-BIOSYNTHESIS-II-1: heme b biosynthesis V (aerobic)	2.38529e-06
HEME-BIOSYNTHESIS-II-1: heme b biosynthesis V (aerobic)|unclassified	2.37121e-06
PWY-6953: dTDP-3-acetamido-&alpha;-D-fucose biosynthesis	2.35191e-06
PWY-6953: dTDP-3-acetamido-&alpha;-D-fucose biosynthesis|unclassified	2.35111e-06
PWY0-42: 2-methylcitrate cycle I	2.35136e-06
PWY0-42: 2-methylcitrate cycle I|unclassified	2.35136e-06
PWY0-1479: tRNA processing	2.34924e-06
PWY0-1479: tRNA processing|unclassified	2.30752e-06
PWY-6185: 4-methylcatechol degradation (ortho cleavage)	2.27952e-06
PWY-6185: 4-methylcatechol degradation (ortho cleavage)|unclassified	2.27952e-06
PWY-5494: pyruvate fermentation to propanoate II (acrylate pathway)	2.15621e-06
PWY-5494: pyruvate fermentation to propanoate II (acrylate pathway)|unclassified	1.35809e-06
AST-PWY: L-arginine degradation II (AST pathway)	1.7862e-06
AST-PWY: L-arginine degradation II (AST pathway)|unclassified	1.7862e-06
PWY-7754: bile acid 7&alpha;-dehydroxylation	1.71086e-06
PWY-7754: bile acid 7&alpha;-dehydroxylation|unclassified	1.71086e-06
PWY-6160: 3-dehydroquinate biosynthesis II (archaea)	1.67929e-06
PWY-6160: 3-dehydroquinate biosynthesis II (archaea)|unclassified	1.67885e-06
PWY-5138: fatty acid &beta;-oxidation IV (unsaturated, even number)	1.56923e-06
PWY-5138: fatty acid &beta;-oxidation IV (unsaturated, even number)|unclassified	1.5673e-06
PWY-7094: fatty acid salvage	1.52796e-06
PWY-7094: fatty acid salvage|unclassified	1.52595e-06
PWY0-1337: oleate &beta;-oxidation	1.51834e-06
PWY0-1337: oleate &beta;-oxidation|unclassified	1.51636e-06
PWY-8134: bile acid 7&beta;-dehydroxylation	1.5153e-06
PWY-8134: bile acid 7&beta;-dehydroxylation|unclassified	1.5153e-06
PWY-5747: 2-methylcitrate cycle II	1.47712e-06
PWY-5747: 2-methylcitrate cycle II|unclassified	1.47712e-06
KETOGLUCONMET-PWY: ketogluconate metabolism	1.18443e-06
KETOGLUCONMET-PWY: ketogluconate metabolism|unclassified	1.16747e-06
PWY-7316: dTDP-N-acetylviosamine biosynthesis	8.52406e-07
PWY-7316: dTDP-N-acetylviosamine biosynthesis|unclassified	8.52276e-07
PWY-7209: superpathway of pyrimidine ribonucleosides degradation	3.56795e-07
PWY-7209: superpathway of pyrimidine ribonucleosides degradation|unclassified	3.54153e-07
