# Pathway	ERR11869087_humann_input_Abundance
UNMAPPED	0.235938
UNINTEGRATED	0.684567
UNINTEGRATED|unclassified	0.683901
PWY-6122: 5-aminoimidazole ribonucleotide biosynthesis II	0.00102992
PWY-6122: 5-aminoimidazole ribonucleotide biosynthesis II|unclassified	0.00102992
PWY-6277: superpathway of 5-aminoimidazole ribonucleotide biosynthesis	0.00102992
PWY-6277: superpathway of 5-aminoimidazole ribonucleotide biosynthesis|unclassified	0.00102992
PWY-7238: sucrose biosynthesis II	0.00100042
PWY-7238: sucrose biosynthesis II|unclassified	0.00100042
PWY-6121: 5-aminoimidazole ribonucleotide biosynthesis I	0.00099148
PWY-6121: 5-aminoimidazole ribonucleotide biosynthesis I|unclassified	0.00099148
DTDPRHAMSYN-PWY: dTDP-&beta;-L-rhamnose biosynthesis	0.000985937
DTDPRHAMSYN-PWY: dTDP-&beta;-L-rhamnose biosynthesis|unclassified	0.000985937
PWY-5941: glycogen degradation II	0.000954948
PWY-5941: glycogen degradation II|unclassified	0.000954948
PWY-5097: L-lysine biosynthesis VI	0.00092473
PWY-5097: L-lysine biosynthesis VI|unclassified	0.000924504
UDPNAGSYN-PWY: UDP-N-acetyl-D-glucosamine biosynthesis I	0.00088521
UDPNAGSYN-PWY: UDP-N-acetyl-D-glucosamine biosynthesis I|unclassified	0.00088521
PWY-6386: UDP-N-acetylmuramoyl-pentapeptide biosynthesis II (lysine-containing)	0.00087585
PWY-6386: UDP-N-acetylmuramoyl-pentapeptide biosynthesis II (lysine-containing)|unclassified	0.000875481
PWY-6124: inosine-5'-phosphate biosynthesis II	0.000857945
PWY-6124: inosine-5'-phosphate biosynthesis II|unclassified	0.000857945
PWY-6387: UDP-N-acetylmuramoyl-pentapeptide biosynthesis I (meso-diaminopimelate containing)	0.000855689
PWY-6387: UDP-N-acetylmuramoyl-pentapeptide biosynthesis I (meso-diaminopimelate containing)|unclassified	0.000855337
PWY-6385: peptidoglycan biosynthesis III (mycobacteria)	0.000829728
PWY-6385: peptidoglycan biosynthesis III (mycobacteria)|unclassified	0.000829551
OANTIGEN-PWY: O-antigen building blocks biosynthesis (E. coli)	0.000825504
OANTIGEN-PWY: O-antigen building blocks biosynthesis (E. coli)|unclassified	0.000825504
TRNA-CHARGING-PWY: tRNA charging	0.000819465
TRNA-CHARGING-PWY: tRNA charging|unclassified	0.000819465
PEPTIDOGLYCANSYN-PWY: peptidoglycan biosynthesis I (meso-diaminopimelate containing)	0.000806451
PEPTIDOGLYCANSYN-PWY: peptidoglycan biosynthesis I (meso-diaminopimelate containing)|unclassified	0.000806284
PWY-6151: S-adenosyl-L-methionine salvage I	0.000800031
PWY-6151: S-adenosyl-L-methionine salvage I|unclassified	0.000799673
PWY-5686: UMP biosynthesis I	0.000798775
PWY-5686: UMP biosynthesis I|unclassified	0.000798775
PWY-7790: UMP biosynthesis II	0.000798775
PWY-7790: UMP biosynthesis II|unclassified	0.000798775
PWY-7791: UMP biosynthesis III	0.000798775
PWY-7791: UMP biosynthesis III|unclassified	0.000798775
PWY-7111: pyruvate fermentation to isobutanol (engineered)	0.000798365
PWY-7111: pyruvate fermentation to isobutanol (engineered)|unclassified	0.00079822
ARGSYN-PWY: L-arginine biosynthesis I (via L-ornithine)	0.000774437
ARGSYN-PWY: L-arginine biosynthesis I (via L-ornithine)|unclassified	0.000774437
GLUCOSE1PMETAB-PWY: glucose and glucose-1-phosphate degradation	0.000769492
GLUCOSE1PMETAB-PWY: glucose and glucose-1-phosphate degradation|unclassified	0.000769492
PWY-6123: inosine-5'-phosphate biosynthesis I	0.000768928
PWY-6123: inosine-5'-phosphate biosynthesis I|unclassified	0.000768485
P41-PWY: pyruvate fermentation to acetate and (S)-lactate I	0.000767014
P41-PWY: pyruvate fermentation to acetate and (S)-lactate I|unclassified	0.000767014
PWY-5100: pyruvate fermentation to acetate and lactate II	0.000767014
PWY-5100: pyruvate fermentation to acetate and lactate II|unclassified	0.000767014
ARGSYNBSUB-PWY: L-arginine biosynthesis II (acetyl cycle)	0.00076347
ARGSYNBSUB-PWY: L-arginine biosynthesis II (acetyl cycle)|unclassified	0.00076347
PWY-7221: guanosine ribonucleotides de novo biosynthesis	0.00075299
PWY-7221: guanosine ribonucleotides de novo biosynthesis|unclassified	0.00075299
VALSYN-PWY: L-valine biosynthesis	0.000745433
VALSYN-PWY: L-valine biosynthesis|unclassified	0.000745275
ANAGLYCOLYSIS-PWY: glycolysis III (from glucose)	0.000718409
ANAGLYCOLYSIS-PWY: glycolysis III (from glucose)|unclassified	0.000717609
PWY-2941: L-lysine biosynthesis II	0.000713408
PWY-2941: L-lysine biosynthesis II|unclassified	0.000713291
PENTOSE-P-PWY: pentose phosphate pathway	0.00070623
PENTOSE-P-PWY: pentose phosphate pathway|unclassified	0.00070623
PWY-724: superpathway of L-lysine, L-threonine and L-methionine biosynthesis II	0.000690471
PWY-724: superpathway of L-lysine, L-threonine and L-methionine biosynthesis II|unclassified	0.000690383
PWY-6527: stachyose degradation	0.000689668
PWY-6527: stachyose degradation|unclassified	0.000689668
PWY-7234: inosine-5'-phosphate biosynthesis III	0.000689376
PWY-7234: inosine-5'-phosphate biosynthesis III|unclassified	0.000689198
PWY-I9: L-cysteine biosynthesis VI (from L-methionine)	0.000686703
PWY-I9: L-cysteine biosynthesis VI (from L-methionine)|unclassified	0.000686492
PWY-5384: sucrose degradation IV (sucrose phosphorylase)	0.000673696
PWY-5384: sucrose degradation IV (sucrose phosphorylase)|unclassified	0.000673696
PWY-3841: folate transformations II (plants)	0.000664545
PWY-3841: folate transformations II (plants)|unclassified	0.000664545
NONOXIPENT-PWY: pentose phosphate pathway (non-oxidative branch) I	0.000656754
NONOXIPENT-PWY: pentose phosphate pathway (non-oxidative branch) I|unclassified	0.000656754
PWY-702: L-methionine biosynthesis II	0.000654208
PWY-702: L-methionine biosynthesis II|unclassified	0.000654208
ILEUSYN-PWY: L-isoleucine biosynthesis I (from threonine)	0.000651202
ILEUSYN-PWY: L-isoleucine biosynthesis I (from threonine)|unclassified	0.000651082
THRESYN-PWY: superpathway of L-threonine biosynthesis	0.000648868
THRESYN-PWY: superpathway of L-threonine biosynthesis|unclassified	0.000648739
PWY-3001: superpathway of L-isoleucine biosynthesis I	0.000634262
PWY-3001: superpathway of L-isoleucine biosynthesis I|unclassified	0.000634142
PWY-6317: D-galactose degradation I (Leloir pathway)	0.000625838
PWY-6317: D-galactose degradation I (Leloir pathway)|unclassified	0.000625838
BRANCHED-CHAIN-AA-SYN-PWY: superpathway of branched chain amino acid biosynthesis	0.000624836
BRANCHED-CHAIN-AA-SYN-PWY: superpathway of branched chain amino acid biosynthesis|unclassified	0.000624762
GLUTORN-PWY: L-ornithine biosynthesis I	0.000623937
GLUTORN-PWY: L-ornithine biosynthesis I|unclassified	0.000623937
GLYCOGENSYNTH-PWY: glycogen biosynthesis I (from ADP-D-Glucose)	0.000619167
GLYCOGENSYNTH-PWY: glycogen biosynthesis I (from ADP-D-Glucose)|unclassified	0.000619167
PWY-8178: pentose phosphate pathway (non-oxidative branch) II	0.000617587
PWY-8178: pentose phosphate pathway (non-oxidative branch) II|unclassified	0.000617302
COA-PWY-1: superpathway of coenzyme A biosynthesis III (mammals)	0.000607277
COA-PWY-1: superpathway of coenzyme A biosynthesis III (mammals)|unclassified	0.000607101
HISTSYN-PWY: L-histidine biosynthesis	0.000602768
HISTSYN-PWY: L-histidine biosynthesis|unclassified	0.000602465
PWY-7400: L-arginine biosynthesis IV (archaebacteria)	0.000592473
PWY-7400: L-arginine biosynthesis IV (archaebacteria)|unclassified	0.000592473
PWY-5103: L-isoleucine biosynthesis III	0.00058915
PWY-5103: L-isoleucine biosynthesis III|unclassified	0.000589072
PWY-4041: &gamma;-glutamyl cycle	0.000586076
PWY-4041: &gamma;-glutamyl cycle|unclassified	0.000586076
PWY-7953: UDP-N-acetylmuramoyl-pentapeptide biosynthesis III (meso-diaminopimelate containing)	0.0005828
PWY-7953: UDP-N-acetylmuramoyl-pentapeptide biosynthesis III (meso-diaminopimelate containing)|unclassified	0.000582676
COA-PWY: coenzyme A biosynthesis I (prokaryotic)	0.000561299
COA-PWY: coenzyme A biosynthesis I (prokaryotic)|unclassified	0.000561209
PWY-7851: coenzyme A biosynthesis II (eukaryotic)	0.000561299
PWY-7851: coenzyme A biosynthesis II (eukaryotic)|unclassified	0.000561209
PWY-6163: chorismate biosynthesis from 3-dehydroquinate	0.000546369
PWY-6163: chorismate biosynthesis from 3-dehydroquinate|unclassified	0.000546369
PWY-8187: L-arginine degradation XIII (reductive Stickland reaction)	0.000521074
PWY-8187: L-arginine degradation XIII (reductive Stickland reaction)|unclassified	0.000521074
PYRIDNUCSYN-PWY: NAD de novo biosynthesis I (from aspartate)	0.000502392
PYRIDNUCSYN-PWY: NAD de novo biosynthesis I (from aspartate)|unclassified	0.000502392
DAPLYSINESYN-PWY: L-lysine biosynthesis I	0.000500704
DAPLYSINESYN-PWY: L-lysine biosynthesis I|unclassified	0.000500653
COMPLETE-ARO-PWY: superpathway of aromatic amino acid biosynthesis	0.0004989
COMPLETE-ARO-PWY: superpathway of aromatic amino acid biosynthesis|unclassified	0.0004989
ARO-PWY: chorismate biosynthesis I	0.000495365
ARO-PWY: chorismate biosynthesis I|unclassified	0.000495365
NONMEVIPP-PWY: methylerythritol phosphate pathway I	0.000494347
NONMEVIPP-PWY: methylerythritol phosphate pathway I|unclassified	0.000494347
PWY-1042: glycolysis IV	0.000492758
PWY-1042: glycolysis IV|unclassified	0.000491721
PWY-7560: methylerythritol phosphate pathway II	0.000491032
PWY-7560: methylerythritol phosphate pathway II|unclassified	0.000490738
PWY-7357: thiamine phosphate formation from pyrithiamine and oxythiamine (yeast)	0.000488618
PWY-7357: thiamine phosphate formation from pyrithiamine and oxythiamine (yeast)|unclassified	0.000488618
CALVIN-PWY: Calvin-Benson-Bassham cycle	0.000484342
CALVIN-PWY: Calvin-Benson-Bassham cycle|unclassified	0.000484064
ASPASN-PWY: superpathway of L-aspartate and L-asparagine biosynthesis	0.000474179
ASPASN-PWY: superpathway of L-aspartate and L-asparagine biosynthesis|unclassified	0.000474179
PWY-6270: isoprene biosynthesis I	0.000462978
PWY-6270: isoprene biosynthesis I|unclassified	0.000462749
PWY0-1586: peptidoglycan maturation (meso-diaminopimelate containing)	0.00046291
PWY0-1586: peptidoglycan maturation (meso-diaminopimelate containing)|unclassified	0.00046291
PWY-7117: C4 photosynthetic carbon assimilation cycle, PEPCK type	0.000455222
PWY-7117: C4 photosynthetic carbon assimilation cycle, PEPCK type|unclassified	0.000455031
PWY-7663: gondoate biosynthesis (anaerobic)	0.000454034
PWY-7663: gondoate biosynthesis (anaerobic)|unclassified	0.000454034
HSERMETANA-PWY: L-methionine biosynthesis III	0.000446583
HSERMETANA-PWY: L-methionine biosynthesis III|unclassified	0.000446583
PWY-5973: cis-vaccenate biosynthesis	0.000445825
PWY-5973: cis-vaccenate biosynthesis|unclassified	0.000445499
PWY-621: sucrose degradation III (sucrose invertase)	0.000445803
PWY-621: sucrose degradation III (sucrose invertase)|unclassified	0.000445803
P124-PWY: Bifidobacterium shunt	0.000443437
P124-PWY: Bifidobacterium shunt|unclassified	0.000443437
PWY-6628: superpathway of L-phenylalanine biosynthesis	0.000438337
PWY-6628: superpathway of L-phenylalanine biosynthesis|unclassified	0.000438337
SER-GLYSYN-PWY: superpathway of L-serine and glycine biosynthesis I	0.000433859
SER-GLYSYN-PWY: superpathway of L-serine and glycine biosynthesis I|unclassified	0.000433859
GLYCOCAT-PWY: glycogen degradation I	0.000423598
GLYCOCAT-PWY: glycogen degradation I|unclassified	0.000423598
PWY-6629: superpathway of L-tryptophan biosynthesis	0.000421865
PWY-6629: superpathway of L-tryptophan biosynthesis|unclassified	0.000421865
PWY-622: starch biosynthesis	0.000417169
PWY-622: starch biosynthesis|unclassified	0.000417169
PWY0-1061: superpathway of L-alanine biosynthesis	0.00041278
PWY0-1061: superpathway of L-alanine biosynthesis|unclassified	0.00041278
PWY-6901: superpathway of glucose and xylose degradation	0.000399853
PWY-6901: superpathway of glucose and xylose degradation|unclassified	0.000399853
GLYCOLYSIS: glycolysis I (from glucose 6-phosphate)	0.000397117
GLYCOLYSIS: glycolysis I (from glucose 6-phosphate)|unclassified	0.000396915
PWY-6609: adenine and adenosine salvage III	0.000389249
PWY-6609: adenine and adenosine salvage III|unclassified	0.000389249
PWY-6936: seleno-amino acid biosynthesis (plants)	0.000387952
PWY-6936: seleno-amino acid biosynthesis (plants)|unclassified	0.000387952
PWY66-429: fatty acid biosynthesis initiation (mitochondria)	0.000384629
PWY66-429: fatty acid biosynthesis initiation (mitochondria)|unclassified	0.000384021
PWY-6630: superpathway of L-tyrosine biosynthesis	0.000380906
PWY-6630: superpathway of L-tyrosine biosynthesis|unclassified	0.000380906
THISYNARA-PWY: superpathway of thiamine diphosphate biosynthesis III (eukaryotes)	0.000373179
THISYNARA-PWY: superpathway of thiamine diphosphate biosynthesis III (eukaryotes)|unclassified	0.000373179
TRPSYN-PWY: L-tryptophan biosynthesis	0.000362814
TRPSYN-PWY: L-tryptophan biosynthesis|unclassified	0.000362814
PWY-5695: inosine 5'-phosphate degradation	0.00036176
PWY-5695: inosine 5'-phosphate degradation|unclassified	0.00036176
1CMET2-PWY: folate transformations III (E. coli)	0.000341465
1CMET2-PWY: folate transformations III (E. coli)|unclassified	0.000341422
FASYN-ELONG-PWY: fatty acid elongation -- saturated	0.000335821
FASYN-ELONG-PWY: fatty acid elongation -- saturated|unclassified	0.000335821
PWY0-1296: purine ribonucleosides degradation	0.00033523
PWY0-1296: purine ribonucleosides degradation|unclassified	0.00033523
PWY-2942: L-lysine biosynthesis III	0.000328589
PWY-2942: L-lysine biosynthesis III|unclassified	0.000328556
PWY-7664: oleate biosynthesis IV (anaerobic)	0.000323804
PWY-7664: oleate biosynthesis IV (anaerobic)|unclassified	0.000323804
ANAEROFRUCAT-PWY: homolactic fermentation	0.000317837
ANAEROFRUCAT-PWY: homolactic fermentation|unclassified	0.00031774
PWY0-862: (5Z)-dodecenoate biosynthesis I	0.000309058
PWY0-862: (5Z)-dodecenoate biosynthesis I|unclassified	0.000309058
PWY-7356: thiamine diphosphate salvage IV (yeast)	0.000306126
PWY-7356: thiamine diphosphate salvage IV (yeast)|unclassified	0.000306126
PWY-7185: UTP and CTP dephosphorylation I	0.000304288
PWY-7185: UTP and CTP dephosphorylation I|unclassified	0.000304288
PWY-6282: palmitoleate biosynthesis I (from (5Z)-dodec-5-enoate)	0.00030282
PWY-6282: palmitoleate biosynthesis I (from (5Z)-dodec-5-enoate)|unclassified	0.00030282
RIBOSYN2-PWY: flavin biosynthesis I (bacteria and plants)	0.000297642
RIBOSYN2-PWY: flavin biosynthesis I (bacteria and plants)|unclassified	0.000297642
PWY-5484: glycolysis II (from fructose 6-phosphate)	0.000268105
PWY-5484: glycolysis II (from fructose 6-phosphate)|unclassified	0.000268013
PWY0-1319: CDP-diacylglycerol biosynthesis II	0.000264832
PWY0-1319: CDP-diacylglycerol biosynthesis II|unclassified	0.000264809
PWY-5667: CDP-diacylglycerol biosynthesis I	0.000264832
PWY-5667: CDP-diacylglycerol biosynthesis I|unclassified	0.000264809
PWY-7977: L-methionine biosynthesis IV	0.000259937
PWY-7977: L-methionine biosynthesis IV|unclassified	0.000259905
PWY-7328: superpathway of UDP-glucose-derived O-antigen building blocks biosynthesis	0.000258896
PWY-7328: superpathway of UDP-glucose-derived O-antigen building blocks biosynthesis|unclassified	0.000258896
PWY-5989: stearate biosynthesis II (bacteria and plants)	0.000252425
PWY-5989: stearate biosynthesis II (bacteria and plants)|unclassified	0.000252425
PWY-7345: superpathway of anaerobic sucrose degradation	0.000248695
PWY-7345: superpathway of anaerobic sucrose degradation|unclassified	0.000248631
PWY-5345: superpathway of L-methionine biosynthesis (by sulfhydrylation)	0.000240572
PWY-5345: superpathway of L-methionine biosynthesis (by sulfhydrylation)|unclassified	0.000240562
PWY-7761: NAD salvage pathway II (PNC IV cycle)	0.000237425
PWY-7761: NAD salvage pathway II (PNC IV cycle)|unclassified	0.000237425
P161-PWY: acetylene degradation (anaerobic)	0.000230412
P161-PWY: acetylene degradation (anaerobic)|unclassified	0.000230412
PWY0-1477: ethanolamine utilization	0.000230412
PWY0-1477: ethanolamine utilization|unclassified	0.000230412
PWY0-1297: superpathway of purine deoxyribonucleosides degradation	0.000229336
PWY0-1297: superpathway of purine deoxyribonucleosides degradation|unclassified	0.000229336
PANTOSYN-PWY: superpathway of coenzyme A biosynthesis I (bacteria)	0.000225511
PANTOSYN-PWY: superpathway of coenzyme A biosynthesis I (bacteria)|unclassified	0.000225498
PWY-6897: thiamine diphosphate salvage II	0.000222743
PWY-6897: thiamine diphosphate salvage II|unclassified	0.000222743
P461-PWY: hexitol fermentation to lactate, formate, ethanol and acetate	0.000215319
P461-PWY: hexitol fermentation to lactate, formate, ethanol and acetate|unclassified	0.000215319
PWY0-1479: tRNA processing	0.000213249
PWY0-1479: tRNA processing|unclassified	0.000213249
PWY4FS-7: phosphatidylglycerol biosynthesis I (plastidic)	0.000207001
PWY4FS-7: phosphatidylglycerol biosynthesis I (plastidic)|unclassified	0.000206785
PWY4FS-8: phosphatidylglycerol biosynthesis II (non-plastidic)	0.000207001
PWY4FS-8: phosphatidylglycerol biosynthesis II (non-plastidic)|unclassified	0.000206785
PWY-5154: L-arginine biosynthesis III (via N-acetyl-L-citrulline)	0.000203412
PWY-5154: L-arginine biosynthesis III (via N-acetyl-L-citrulline)|unclassified	0.000203412
PWY-5981: CDP-diacylglycerol biosynthesis III	0.000202782
PWY-5981: CDP-diacylglycerol biosynthesis III|unclassified	0.000202775
PHOSLIPSYN-PWY: superpathway of phospholipid biosynthesis I (bacteria)	0.000197079
PHOSLIPSYN-PWY: superpathway of phospholipid biosynthesis I (bacteria)|unclassified	0.000196845
GLUCONEO-PWY: gluconeogenesis I	0.000188649
GLUCONEO-PWY: gluconeogenesis I|unclassified	0.000188627
PANTO-PWY: phosphopantothenate biosynthesis I	0.000187317
PANTO-PWY: phosphopantothenate biosynthesis I|unclassified	0.000187307
PWY-6471: peptidoglycan biosynthesis IV (Enterococcus faecium)	0.000185209
PWY-6471: peptidoglycan biosynthesis IV (Enterococcus faecium)|unclassified	0.000185203
SULFATE-CYS-PWY: superpathway of sulfate assimilation and cysteine biosynthesis	0.000180237
SULFATE-CYS-PWY: superpathway of sulfate assimilation and cysteine biosynthesis|unclassified	0.000180237
THISYN-PWY: superpathway of thiamine diphosphate biosynthesis I	0.000179445
THISYN-PWY: superpathway of thiamine diphosphate biosynthesis I|unclassified	0.000179445
PWY-7229: superpathway of adenosine nucleotides de novo biosynthesis I	0.000179143
PWY-7229: superpathway of adenosine nucleotides de novo biosynthesis I|unclassified	0.000179143
PWY-7199: pyrimidine deoxyribonucleosides salvage	0.000178633
PWY-7199: pyrimidine deoxyribonucleosides salvage|unclassified	0.000178633
PWY-6470: peptidoglycan biosynthesis V (&beta;-lactam resistance)	0.00017829
PWY-6470: peptidoglycan biosynthesis V (&beta;-lactam resistance)|unclassified	0.000178283
PWY0-1298: superpathway of pyrimidine deoxyribonucleosides degradation	0.000175349
PWY0-1298: superpathway of pyrimidine deoxyribonucleosides degradation|unclassified	0.000175349
P441-PWY: superpathway of N-acetylneuraminate degradation	0.000173436
P441-PWY: superpathway of N-acetylneuraminate degradation|unclassified	0.000173413
PWY-5971: palmitate biosynthesis (type II fatty acid synthase)	0.000173166
PWY-5971: palmitate biosynthesis (type II fatty acid synthase)|unclassified	0.000173165
P122-PWY: heterolactic fermentation	0.000166915
P122-PWY: heterolactic fermentation|unclassified	0.000166915
PWY-7115: C4 photosynthetic carbon assimilation cycle, NAD-ME type	0.000165818
PWY-7115: C4 photosynthetic carbon assimilation cycle, NAD-ME type|unclassified	0.000165809
PWY0-781: aspartate superpathway	0.000161226
PWY0-781: aspartate superpathway|unclassified	0.000161223
FERMENTATION-PWY: mixed acid fermentation	0.000160381
FERMENTATION-PWY: mixed acid fermentation|unclassified	0.000160381
PWY-5913: partial TCA cycle (obligate autotrophs)	0.000160381
PWY-5913: partial TCA cycle (obligate autotrophs)|unclassified	0.000160381
P4-PWY: superpathway of L-lysine, L-threonine and L-methionine biosynthesis I	0.000157666
P4-PWY: superpathway of L-lysine, L-threonine and L-methionine biosynthesis I|unclassified	0.000157663
PYRIDNUCSAL-PWY: NAD salvage pathway I (PNC VI cycle)	0.00015754
PYRIDNUCSAL-PWY: NAD salvage pathway I (PNC VI cycle)|unclassified	0.00015754
PWY-841: superpathway of purine nucleotides de novo biosynthesis I	0.000156804
PWY-841: superpathway of purine nucleotides de novo biosynthesis I|unclassified	0.000156804
PWY-6895: superpathway of thiamine diphosphate biosynthesis II	0.000153174
PWY-6895: superpathway of thiamine diphosphate biosynthesis II|unclassified	0.000153174
PWY-6700: queuosine biosynthesis I (de novo)	0.000146427
PWY-6700: queuosine biosynthesis I (de novo)|unclassified	0.000146427
FASYN-INITIAL-PWY: superpathway of fatty acid biosynthesis initiation (E. coli)	0.000144876
FASYN-INITIAL-PWY: superpathway of fatty acid biosynthesis initiation (E. coli)|unclassified	0.000144755
PWY3O-4107: NAD salvage pathway V (PNC V cycle)	0.000144682
PWY3O-4107: NAD salvage pathway V (PNC V cycle)|unclassified	0.000144682
PPGPPMET-PWY: ppGpp metabolism	0.000140816
PPGPPMET-PWY: ppGpp metabolism|unclassified	0.000140816
PWY0-162: superpathway of pyrimidine ribonucleotides de novo biosynthesis	0.000133933
PWY0-162: superpathway of pyrimidine ribonucleotides de novo biosynthesis|unclassified	0.000133933
PWY-6519: 8-amino-7-oxononanoate biosynthesis I	0.00012918
PWY-6519: 8-amino-7-oxononanoate biosynthesis I|unclassified	0.00012918
PWY-5897: superpathway of menaquinol-11 biosynthesis	0.000127005
PWY-5897: superpathway of menaquinol-11 biosynthesis|unclassified	0.000127005
PWY-5898: superpathway of menaquinol-12 biosynthesis	0.000127005
PWY-5898: superpathway of menaquinol-12 biosynthesis|unclassified	0.000127005
PWY-5899: superpathway of menaquinol-13 biosynthesis	0.000127005
PWY-5899: superpathway of menaquinol-13 biosynthesis|unclassified	0.000127005
FOLSYN-PWY: superpathway of tetrahydrofolate biosynthesis and salvage	0.000124174
FOLSYN-PWY: superpathway of tetrahydrofolate biosynthesis and salvage|unclassified	0.000124174
PWY-5840: superpathway of menaquinol-7 biosynthesis	0.000123211
PWY-5840: superpathway of menaquinol-7 biosynthesis|unclassified	0.000123211
BIOTIN-BIOSYNTHESIS-PWY: biotin biosynthesis I	0.000122888
BIOTIN-BIOSYNTHESIS-PWY: biotin biosynthesis I|unclassified	0.000122888
SO4ASSIM-PWY: assimilatory sulfate reduction I	0.000119404
SO4ASSIM-PWY: assimilatory sulfate reduction I|unclassified	0.000119404
PWY-6606: guanosine nucleotides degradation II	0.000118403
PWY-6606: guanosine nucleotides degradation II|unclassified	0.000118403
PWY-6292: superpathway of L-cysteine biosynthesis (mammalian)	0.000117469
PWY-6292: superpathway of L-cysteine biosynthesis (mammalian)|unclassified	0.000117469
P185-PWY: formaldehyde assimilation III (dihydroxyacetone cycle)	0.000116401
P185-PWY: formaldehyde assimilation III (dihydroxyacetone cycle)|unclassified	0.0001164
PWY-821: superpathway of sulfur amino acid biosynthesis (Saccharomyces cerevisiae)	0.00011515
PWY-821: superpathway of sulfur amino acid biosynthesis (Saccharomyces cerevisiae)|unclassified	0.00011515
PWY-6608: guanosine nucleotides degradation III	0.000114638
PWY-6608: guanosine nucleotides degradation III|unclassified	0.000114638
PWY-6531: mannitol cycle	0.000113156
PWY-6531: mannitol cycle|unclassified	0.000113156
PWY-6126: superpathway of adenosine nucleotides de novo biosynthesis II	0.000112312
PWY-6126: superpathway of adenosine nucleotides de novo biosynthesis II|unclassified	0.000112312
PWY-6147: 6-hydroxymethyl-dihydropterin diphosphate biosynthesis I	0.000111808
PWY-6147: 6-hydroxymethyl-dihydropterin diphosphate biosynthesis I|unclassified	0.000111808
PWY-6703: preQ0 biosynthesis	0.00010908
PWY-6703: preQ0 biosynthesis|unclassified	0.00010908
UDPNACETYLGALSYN-PWY: UDP-N-acetyl-D-glucosamine biosynthesis II	0.000108202
UDPNACETYLGALSYN-PWY: UDP-N-acetyl-D-glucosamine biosynthesis II|unclassified	0.000108202
PWY-5838: superpathway of menaquinol-8 biosynthesis I	0.000108018
PWY-5838: superpathway of menaquinol-8 biosynthesis I|unclassified	0.000108018
PWY-7013: (S)-propane-1,2-diol degradation	0.000107511
PWY-7013: (S)-propane-1,2-diol degradation|unclassified	0.000107511
P125-PWY: superpathway of (R,R)-butanediol biosynthesis	0.000106168
P125-PWY: superpathway of (R,R)-butanediol biosynthesis|unclassified	0.000106166
PWY-6353: purine nucleotides degradation II (aerobic)	0.000105008
PWY-6353: purine nucleotides degradation II (aerobic)|unclassified	0.000105008
PWY-7211: superpathway of pyrimidine deoxyribonucleotides de novo biosynthesis	0.000104612
PWY-7211: superpathway of pyrimidine deoxyribonucleotides de novo biosynthesis|unclassified	0.000104612
PWY-7198: pyrimidine deoxyribonucleotides de novo biosynthesis IV	0.000101654
PWY-7198: pyrimidine deoxyribonucleotides de novo biosynthesis IV|unclassified	0.000101654
PWY-7210: pyrimidine deoxyribonucleotides biosynthesis from CTP	0.000101281
PWY-7210: pyrimidine deoxyribonucleotides biosynthesis from CTP|unclassified	0.000101281
PWY-241: C4 photosynthetic carbon assimilation cycle, NADP-ME type	0.000100518
PWY-241: C4 photosynthetic carbon assimilation cycle, NADP-ME type|unclassified	0.000100512
PWY-5845: superpathway of menaquinol-9 biosynthesis	0.000100403
PWY-5845: superpathway of menaquinol-9 biosynthesis|unclassified	0.000100403
PWY-5850: superpathway of menaquinol-6 biosynthesis	0.000100403
PWY-5850: superpathway of menaquinol-6 biosynthesis|unclassified	0.000100403
PWY-5896: superpathway of menaquinol-10 biosynthesis	0.000100403
PWY-5896: superpathway of menaquinol-10 biosynthesis|unclassified	0.000100403
PWY-7228: superpathway of guanosine nucleotides de novo biosynthesis I	9.69038e-05
PWY-7228: superpathway of guanosine nucleotides de novo biosynthesis I|unclassified	9.69038e-05
PWY-5347: superpathway of L-methionine biosynthesis (transsulfuration)	9.4852e-05
PWY-5347: superpathway of L-methionine biosynthesis (transsulfuration)|unclassified	9.48499e-05
PWY-922: mevalonate pathway I (eukaryotes and bacteria)	9.4082e-05
PWY-922: mevalonate pathway I (eukaryotes and bacteria)|unclassified	9.40712e-05
MET-SAM-PWY: superpathway of S-adenosyl-L-methionine biosynthesis	9.31698e-05
MET-SAM-PWY: superpathway of S-adenosyl-L-methionine biosynthesis|unclassified	9.31678e-05
PWY-6892: thiazole component of thiamine diphosphate biosynthesis I	9.18034e-05
PWY-6892: thiazole component of thiamine diphosphate biosynthesis I|unclassified	9.18034e-05
PWY0-166: superpathway of pyrimidine deoxyribonucleotides de novo biosynthesis (E. coli)	8.99467e-05
PWY0-166: superpathway of pyrimidine deoxyribonucleotides de novo biosynthesis (E. coli)|unclassified	8.99467e-05
PWY-6612: superpathway of tetrahydrofolate biosynthesis	8.839e-05
PWY-6612: superpathway of tetrahydrofolate biosynthesis|unclassified	8.839e-05
PWY-6595: superpathway of guanosine nucleotides degradation (plants)	8.80839e-05
PWY-6595: superpathway of guanosine nucleotides degradation (plants)|unclassified	8.80839e-05
PWY-6969: TCA cycle V (2-oxoglutarate synthase)	8.68133e-05
PWY-6969: TCA cycle V (2-oxoglutarate synthase)|unclassified	8.68133e-05
GLCMANNANAUT-PWY: superpathway of N-acetylglucosamine, N-acetylmannosamine and N-acetylneuraminate degradation	8.62629e-05
GLCMANNANAUT-PWY: superpathway of N-acetylglucosamine, N-acetylmannosamine and N-acetylneuraminate degradation|unclassified	8.62608e-05
PWY-5861: superpathway of demethylmenaquinol-8 biosynthesis I	8.60235e-05
PWY-5861: superpathway of demethylmenaquinol-8 biosynthesis I|unclassified	8.60235e-05
TCA: TCA cycle I (prokaryotic)	8.59614e-05
TCA: TCA cycle I (prokaryotic)|unclassified	8.59614e-05
PWY-7184: pyrimidine deoxyribonucleotides de novo biosynthesis I	8.58229e-05
PWY-7184: pyrimidine deoxyribonucleotides de novo biosynthesis I|unclassified	8.58229e-05
METSYN-PWY: superpathway of L-homoserine and L-methionine biosynthesis	8.53207e-05
METSYN-PWY: superpathway of L-homoserine and L-methionine biosynthesis|unclassified	8.53187e-05
PWY-5860: superpathway of demethylmenaquinol-6 biosynthesis I	7.88772e-05
PWY-5860: superpathway of demethylmenaquinol-6 biosynthesis I|unclassified	7.88772e-05
PWY-5862: superpathway of demethylmenaquinol-9 biosynthesis	7.88772e-05
PWY-5862: superpathway of demethylmenaquinol-9 biosynthesis|unclassified	7.88772e-05
PWY4LZ-257: superpathway of fermentation (Chlamydomonas reinhardtii)	7.74661e-05
PWY4LZ-257: superpathway of fermentation (Chlamydomonas reinhardtii)|unclassified	7.74661e-05
PWY-6125: superpathway of guanosine nucleotides de novo biosynthesis II	7.71346e-05
PWY-6125: superpathway of guanosine nucleotides de novo biosynthesis II|unclassified	7.71346e-05
PWY-6607: guanosine nucleotides degradation I	7.71258e-05
PWY-6607: guanosine nucleotides degradation I|unclassified	7.71258e-05
PWY-6396: superpathway of 2,3-butanediol biosynthesis	7.67911e-05
PWY-6396: superpathway of 2,3-butanediol biosynthesis|unclassified	7.67903e-05
ARG+POLYAMINE-SYN: superpathway of arginine and polyamine biosynthesis	7.56996e-05
ARG+POLYAMINE-SYN: superpathway of arginine and polyamine biosynthesis|unclassified	7.56996e-05
NAGLIPASYN-PWY: lipid IVA biosynthesis (E. coli)	7.39578e-05
NAGLIPASYN-PWY: lipid IVA biosynthesis (E. coli)|unclassified	7.39578e-05
PWY-8073: lipid IVA biosynthesis (P. putida)	7.39578e-05
PWY-8073: lipid IVA biosynthesis (P. putida)|unclassified	7.39578e-05
PWY-5136: fatty acid &beta;-oxidation II (plant peroxisome)	7.31135e-05
PWY-5136: fatty acid &beta;-oxidation II (plant peroxisome)|unclassified	7.31135e-05
PWY-6823: molybdopterin biosynthesis	7.12963e-05
PWY-6823: molybdopterin biosynthesis|unclassified	7.12963e-05
POLYISOPRENSYN-PWY: polyisoprenoid biosynthesis (E. coli)	7.00056e-05
POLYISOPRENSYN-PWY: polyisoprenoid biosynthesis (E. coli)|unclassified	6.99951e-05
P105-PWY: TCA cycle IV (2-oxoglutarate decarboxylase)	6.98619e-05
P105-PWY: TCA cycle IV (2-oxoglutarate decarboxylase)|unclassified	6.98619e-05
PWY-6293: superpathway of L-cysteine biosynthesis (fungi)	6.98578e-05
PWY-6293: superpathway of L-cysteine biosynthesis (fungi)|unclassified	6.98578e-05
PWY-6507: 4-deoxy-L-threo-hex-4-enopyranuronate degradation	6.97661e-05
PWY-6507: 4-deoxy-L-threo-hex-4-enopyranuronate degradation|unclassified	6.97661e-05
PWY-7282: 4-amino-2-methyl-5-diphosphomethylpyrimidine biosynthesis II	6.93402e-05
PWY-7282: 4-amino-2-methyl-5-diphosphomethylpyrimidine biosynthesis II|unclassified	6.93402e-05
TCA-GLYOX-BYPASS: superpathway of glyoxylate bypass and TCA	6.91594e-05
TCA-GLYOX-BYPASS: superpathway of glyoxylate bypass and TCA|unclassified	6.91594e-05
PWY-6797: 6-hydroxymethyl-dihydropterin diphosphate biosynthesis II (Methanocaldococcus)	6.88126e-05
PWY-6797: 6-hydroxymethyl-dihydropterin diphosphate biosynthesis II (Methanocaldococcus)|unclassified	6.88126e-05
PWY-6545: pyrimidine deoxyribonucleotides de novo biosynthesis III	6.78654e-05
PWY-6545: pyrimidine deoxyribonucleotides de novo biosynthesis III|unclassified	6.78654e-05
ORNDEG-PWY: superpathway of ornithine degradation	6.78578e-05
ORNDEG-PWY: superpathway of ornithine degradation|unclassified	6.78578e-05
PWY-7208: superpathway of pyrimidine nucleobases salvage	6.68228e-05
PWY-7208: superpathway of pyrimidine nucleobases salvage|unclassified	6.68228e-05
SALVADEHYPOX-PWY: adenosine nucleotides degradation II	6.55016e-05
SALVADEHYPOX-PWY: adenosine nucleotides degradation II|unclassified	6.55016e-05
PWY-561: superpathway of glyoxylate cycle and fatty acid degradation	6.48319e-05
PWY-561: superpathway of glyoxylate cycle and fatty acid degradation|unclassified	6.48319e-05
PWY-7269: mitochondrial NADPH production (yeast)	6.4146e-05
PWY-7269: mitochondrial NADPH production (yeast)|unclassified	6.4146e-05
PWY-5723: Rubisco shunt	6.39398e-05
PWY-5723: Rubisco shunt|unclassified	6.39398e-05
PWY-7942: 5-oxo-L-proline metabolism	6.29028e-05
PWY-7942: 5-oxo-L-proline metabolism|unclassified	6.29028e-05
GLYCOLYSIS-E-D: superpathway of glycolysis and the Entner-Doudoroff pathway	6.19592e-05
GLYCOLYSIS-E-D: superpathway of glycolysis and the Entner-Doudoroff pathway|unclassified	6.19558e-05
PWY66-409: superpathway of purine nucleotide salvage	6.11593e-05
PWY66-409: superpathway of purine nucleotide salvage|unclassified	6.11593e-05
PWY-1269: CMP-3-deoxy-D-manno-octulosonate biosynthesis	5.96149e-05
PWY-1269: CMP-3-deoxy-D-manno-octulosonate biosynthesis|unclassified	5.96149e-05
PWY0-1261: anhydromuropeptides recycling I	5.89684e-05
PWY0-1261: anhydromuropeptides recycling I|unclassified	5.89682e-05
PWY-5837: 2-carboxy-1,4-naphthoquinol biosynthesis	5.89455e-05
PWY-5837: 2-carboxy-1,4-naphthoquinol biosynthesis|unclassified	5.89455e-05
FAO-PWY: fatty acid &beta;-oxidation I (generic)	5.76942e-05
FAO-PWY: fatty acid &beta;-oxidation I (generic)|unclassified	5.76942e-05
PYRIDOXSYN-PWY: pyridoxal 5'-phosphate biosynthesis I	5.73621e-05
PYRIDOXSYN-PWY: pyridoxal 5'-phosphate biosynthesis I|unclassified	5.73621e-05
RHAMCAT-PWY: L-rhamnose degradation I	5.72286e-05
RHAMCAT-PWY: L-rhamnose degradation I|unclassified	5.72286e-05
CITRULBIO-PWY: L-citrulline biosynthesis	5.66931e-05
CITRULBIO-PWY: L-citrulline biosynthesis|unclassified	5.66931e-05
GLUCUROCAT-PWY: superpathway of &beta;-D-glucuronosides degradation	5.65227e-05
GLUCUROCAT-PWY: superpathway of &beta;-D-glucuronosides degradation|unclassified	5.65227e-05
HEMESYN2-PWY: heme b biosynthesis II (oxygen-independent)	5.50734e-05
HEMESYN2-PWY: heme b biosynthesis II (oxygen-independent)|unclassified	5.50734e-05
PWY-7118: chitin deacetylation	5.43752e-05
PWY-7118: chitin deacetylation|unclassified	5.43752e-05
PWY1ZNC-1: assimilatory sulfate reduction IV	5.35863e-05
PWY1ZNC-1: assimilatory sulfate reduction IV|unclassified	5.35863e-05
PWY-8004: Entner-Doudoroff pathway I	5.34749e-05
PWY-8004: Entner-Doudoroff pathway I|unclassified	5.34749e-05
PWY-6168: flavin biosynthesis III (fungi)	5.18987e-05
PWY-6168: flavin biosynthesis III (fungi)|unclassified	5.18987e-05
PWY-7220: adenosine deoxyribonucleotides de novo biosynthesis II	5.15433e-05
PWY-7220: adenosine deoxyribonucleotides de novo biosynthesis II|unclassified	5.15433e-05
PWY-7222: guanosine deoxyribonucleotides de novo biosynthesis II	5.15433e-05
PWY-7222: guanosine deoxyribonucleotides de novo biosynthesis II|unclassified	5.15433e-05
COLANSYN-PWY: colanic acid building blocks biosynthesis	5.09114e-05
COLANSYN-PWY: colanic acid building blocks biosynthesis|unclassified	5.09114e-05
HOMOSER-METSYN-PWY: L-methionine biosynthesis I	5.0739e-05
HOMOSER-METSYN-PWY: L-methionine biosynthesis I|unclassified	5.0739e-05
PWY-6803: phosphatidylcholine acyl editing	5.00329e-05
PWY-6803: phosphatidylcholine acyl editing|unclassified	5.00329e-05
GLYOXYLATE-BYPASS: glyoxylate cycle	4.96625e-05
GLYOXYLATE-BYPASS: glyoxylate cycle|unclassified	4.96625e-05
GALACTUROCAT-PWY: D-galacturonate degradation I	4.86325e-05
GALACTUROCAT-PWY: D-galacturonate degradation I|unclassified	4.86325e-05
ARGININE-SYN4-PWY: L-ornithine biosynthesis II	4.79232e-05
ARGININE-SYN4-PWY: L-ornithine biosynthesis II|unclassified	4.79232e-05
PWY-3801: sucrose degradation II (sucrose synthase)	4.72346e-05
PWY-3801: sucrose degradation II (sucrose synthase)|unclassified	4.72328e-05
COBALSYN-PWY: superpathway of adenosylcobalamin salvage from cobinamide I	4.70777e-05
COBALSYN-PWY: superpathway of adenosylcobalamin salvage from cobinamide I|unclassified	4.70777e-05
PWY-7242: D-fructuronate degradation	4.67819e-05
PWY-7242: D-fructuronate degradation|unclassified	4.67819e-05
PWY66-389: phytol degradation	4.57366e-05
PWY66-389: phytol degradation|unclassified	4.57366e-05
PWY-7197: pyrimidine deoxyribonucleotide phosphorylation	4.56606e-05
PWY-7197: pyrimidine deoxyribonucleotide phosphorylation|unclassified	4.56606e-05
PWY-6305: superpathway of putrescine biosynthesis	4.56087e-05
PWY-6305: superpathway of putrescine biosynthesis|unclassified	4.56087e-05
GLUCARDEG-PWY: D-glucarate degradation I	4.55533e-05
GLUCARDEG-PWY: D-glucarate degradation I|unclassified	4.55533e-05
PWY-801: homocysteine and cysteine interconversion	4.53162e-05
PWY-801: homocysteine and cysteine interconversion|unclassified	4.53162e-05
GALACTARDEG-PWY: D-galactarate degradation I	4.44841e-05
GALACTARDEG-PWY: D-galactarate degradation I|unclassified	4.44841e-05
GLUCARGALACTSUPER-PWY: superpathway of D-glucarate and D-galactarate degradation	4.44841e-05
GLUCARGALACTSUPER-PWY: superpathway of D-glucarate and D-galactarate degradation|unclassified	4.44841e-05
PWY-5659: GDP-mannose biosynthesis	4.38871e-05
PWY-5659: GDP-mannose biosynthesis|unclassified	4.38871e-05
GLUDEG-I-PWY: GABA shunt	4.34353e-05
GLUDEG-I-PWY: GABA shunt|unclassified	4.34353e-05
FUC-RHAMCAT-PWY: superpathway of fucose and rhamnose degradation	4.25229e-05
FUC-RHAMCAT-PWY: superpathway of fucose and rhamnose degradation|unclassified	4.25229e-05
LACTOSECAT-PWY: lactose and galactose degradation I	4.05129e-05
LACTOSECAT-PWY: lactose and galactose degradation I|unclassified	4.05129e-05
POLYAMSYN-PWY: superpathway of polyamine biosynthesis I	4.03815e-05
POLYAMSYN-PWY: superpathway of polyamine biosynthesis I|unclassified	4.03815e-05
PWY-6731: starch degradation III	3.91685e-05
PWY-6731: starch degradation III|unclassified	3.91685e-05
HEME-BIOSYNTHESIS-II: heme b biosynthesis I (aerobic)	3.91534e-05
HEME-BIOSYNTHESIS-II: heme b biosynthesis I (aerobic)|unclassified	3.91534e-05
HEME-BIOSYNTHESIS-II-1: heme b biosynthesis V (aerobic)	3.91534e-05
HEME-BIOSYNTHESIS-II-1: heme b biosynthesis V (aerobic)|unclassified	3.91534e-05
PWY-1861: formaldehyde assimilation II (assimilatory RuMP Cycle)	3.8816e-05
PWY-1861: formaldehyde assimilation II (assimilatory RuMP Cycle)|unclassified	3.88135e-05
PWY-5188: tetrapyrrole biosynthesis I (from glutamate)	3.79391e-05
PWY-5188: tetrapyrrole biosynthesis I (from glutamate)|unclassified	3.79391e-05
KETOGLUCONMET-PWY: ketogluconate metabolism	3.78206e-05
KETOGLUCONMET-PWY: ketogluconate metabolism|unclassified	3.78206e-05
PWY-7254: TCA cycle VII (acetate-producers)	3.7485e-05
PWY-7254: TCA cycle VII (acetate-producers)|unclassified	3.7485e-05
PWY-5918: superpathway of heme b biosynthesis from glutamate	3.74411e-05
PWY-5918: superpathway of heme b biosynthesis from glutamate|unclassified	3.74411e-05
PWY-7315: dTDP-N-acetylthomosamine biosynthesis	3.60844e-05
PWY-7315: dTDP-N-acetylthomosamine biosynthesis|unclassified	3.60844e-05
P42-PWY: incomplete reductive TCA cycle	3.60421e-05
P42-PWY: incomplete reductive TCA cycle|unclassified	3.60421e-05
PWY-5121: superpathway of geranylgeranyl diphosphate biosynthesis II (via MEP)	3.5542e-05
PWY-5121: superpathway of geranylgeranyl diphosphate biosynthesis II (via MEP)|unclassified	3.5541e-05
ARGDEG-PWY: superpathway of L-arginine, putrescine, and 4-aminobutanoate degradation	3.54605e-05
ARGDEG-PWY: superpathway of L-arginine, putrescine, and 4-aminobutanoate degradation|unclassified	3.54605e-05
ORNARGDEG-PWY: superpathway of L-arginine and L-ornithine degradation	3.54605e-05
ORNARGDEG-PWY: superpathway of L-arginine and L-ornithine degradation|unclassified	3.54605e-05
PWY0-301: L-ascorbate degradation I (bacterial, anaerobic)	3.45423e-05
PWY0-301: L-ascorbate degradation I (bacterial, anaerobic)|unclassified	3.45423e-05
PWY-7245: superpathway of NAD/NADP - NADH/NADPH interconversion (yeast)	3.30261e-05
PWY-7245: superpathway of NAD/NADP - NADH/NADPH interconversion (yeast)|unclassified	3.30261e-05
PWY-7268: cytosolic NADPH production (yeast)	3.29701e-05
PWY-7268: cytosolic NADPH production (yeast)|unclassified	3.29701e-05
PWY0-1415: superpathway of heme b biosynthesis from uroporphyrinogen-III	3.27319e-05
PWY0-1415: superpathway of heme b biosynthesis from uroporphyrinogen-III|unclassified	3.27319e-05
PWY-7323: superpathway of GDP-mannose-derived O-antigen building blocks biosynthesis	3.23967e-05
PWY-7323: superpathway of GDP-mannose-derived O-antigen building blocks biosynthesis|unclassified	3.23967e-05
PWY-5138: fatty acid &beta;-oxidation IV (unsaturated, even number)	3.20347e-05
PWY-5138: fatty acid &beta;-oxidation IV (unsaturated, even number)|unclassified	3.20347e-05
PWY0-845: superpathway of pyridoxal 5'-phosphate biosynthesis and salvage	3.17145e-05
PWY0-845: superpathway of pyridoxal 5'-phosphate biosynthesis and salvage|unclassified	3.17145e-05
PWY-5675: nitrate reduction V (assimilatory)	3.13284e-05
PWY-5675: nitrate reduction V (assimilatory)|unclassified	3.13284e-05
METHGLYUT-PWY: superpathway of methylglyoxal degradation	3.07599e-05
METHGLYUT-PWY: superpathway of methylglyoxal degradation|unclassified	3.07599e-05
PWY-5189: tetrapyrrole biosynthesis II (from glycine)	3.04544e-05
PWY-5189: tetrapyrrole biosynthesis II (from glycine)|unclassified	3.04544e-05
GALACT-GLUCUROCAT-PWY: superpathway of hexuronide and hexuronate degradation	3.04401e-05
GALACT-GLUCUROCAT-PWY: superpathway of hexuronide and hexuronate degradation|unclassified	3.04401e-05
PWY-5994: palmitate biosynthesis (type I fatty acid synthase)	2.95641e-05
PWY-5994: palmitate biosynthesis (type I fatty acid synthase)|unclassified	2.95641e-05
FUCCAT-PWY: fucose degradation	2.94683e-05
FUCCAT-PWY: fucose degradation|unclassified	2.94683e-05
LIPASYN-PWY: phospholipases	2.93733e-05
LIPASYN-PWY: phospholipases|unclassified	2.93733e-05
AST-PWY: L-arginine degradation II (AST pathway)	2.88003e-05
AST-PWY: L-arginine degradation II (AST pathway)|unclassified	2.88003e-05
PWY-6285: superpathway of fatty acids biosynthesis (E. coli)	2.84219e-05
PWY-6285: superpathway of fatty acids biosynthesis (E. coli)|unclassified	2.84212e-05
PWY-6549: L-glutamine biosynthesis III	2.81262e-05
PWY-6549: L-glutamine biosynthesis III|unclassified	2.81262e-05
PWY-4984: urea cycle	2.73234e-05
PWY-4984: urea cycle|unclassified	2.73234e-05
REDCITCYC: TCA cycle VI (Helicobacter)	2.71969e-05
REDCITCYC: TCA cycle VI (Helicobacter)|unclassified	2.71969e-05
PWY-7392: taxadiene biosynthesis (engineered)	2.66261e-05
PWY-7392: taxadiene biosynthesis (engineered)|unclassified	2.66256e-05
PWY0-1277: 3-phenylpropanoate and 3-(3-hydroxyphenyl)propanoate degradation	2.65649e-05
PWY0-1277: 3-phenylpropanoate and 3-(3-hydroxyphenyl)propanoate degradation|unclassified	2.65649e-05
HISDEG-PWY: L-histidine degradation I	2.65634e-05
HISDEG-PWY: L-histidine degradation I|unclassified	2.65634e-05
HEXITOLDEGSUPER-PWY: superpathway of hexitol degradation (bacteria)	2.53986e-05
HEXITOLDEGSUPER-PWY: superpathway of hexitol degradation (bacteria)|unclassified	2.53981e-05
PWY-5920: superpathway of heme b biosynthesis from glycine	2.32054e-05
PWY-5920: superpathway of heme b biosynthesis from glycine|unclassified	2.32054e-05
PWY-7858: (5Z)-dodecenoate biosynthesis II	2.31808e-05
PWY-7858: (5Z)-dodecenoate biosynthesis II|unclassified	2.31808e-05
PWY-6435: 4-hydroxybenzoate biosynthesis III (plants)	2.2238e-05
PWY-6435: 4-hydroxybenzoate biosynthesis III (plants)|unclassified	2.2238e-05
HCAMHPDEG-PWY: 3-phenylpropanoate and 3-(3-hydroxyphenyl)propanoate degradation to 2-hydroxypentadienoate	2.10187e-05
HCAMHPDEG-PWY: 3-phenylpropanoate and 3-(3-hydroxyphenyl)propanoate degradation to 2-hydroxypentadienoate|unclassified	2.10187e-05
PWY-6690: cinnamate and 3-hydroxycinnamate degradation to 2-hydroxypentadienoate	2.10187e-05
PWY-6690: cinnamate and 3-hydroxycinnamate degradation to 2-hydroxypentadienoate|unclassified	2.10187e-05
PWY-5910: superpathway of geranylgeranyldiphosphate biosynthesis I (via mevalonate)	2.03502e-05
PWY-5910: superpathway of geranylgeranyldiphosphate biosynthesis I (via mevalonate)|unclassified	2.03499e-05
PWY-5676: acetyl-CoA fermentation to butanoate II	1.94759e-05
PWY-5676: acetyl-CoA fermentation to butanoate II|unclassified	1.84557e-05
PWY-7396: butanol and isobutanol biosynthesis (engineered)	1.94611e-05
PWY-7396: butanol and isobutanol biosynthesis (engineered)|unclassified	1.94611e-05
PWY-7388: octanoyl-[acyl-carrier protein] biosynthesis (mitochondria, yeast)	1.94072e-05
PWY-7388: octanoyl-[acyl-carrier protein] biosynthesis (mitochondria, yeast)|unclassified	1.94072e-05
PWY-6902: chitin degradation II (Vibrio)	1.90133e-05
PWY-6902: chitin degradation II (Vibrio)|unclassified	1.90133e-05
PWY66-430: myristate biosynthesis (mitochondria)	1.80962e-05
PWY66-430: myristate biosynthesis (mitochondria)|unclassified	1.80962e-05
PWY0-1338: polymyxin resistance	1.80614e-05
PWY0-1338: polymyxin resistance|unclassified	1.80614e-05
P621-PWY: nylon-6 oligomer degradation	1.79957e-05
P621-PWY: nylon-6 oligomer degradation|unclassified	1.79957e-05
PWY-6961: L-ascorbate degradation II (bacterial, aerobic)	1.63086e-05
PWY-6961: L-ascorbate degradation II (bacterial, aerobic)|unclassified	1.63086e-05
3-HYDROXYPHENYLACETATE-DEGRADATION-PWY: 4-hydroxyphenylacetate degradation	1.53836e-05
3-HYDROXYPHENYLACETATE-DEGRADATION-PWY: 4-hydroxyphenylacetate degradation|unclassified	1.53836e-05
PWY-6284: superpathway of unsaturated fatty acids biosynthesis (E. coli)	1.47767e-05
PWY-6284: superpathway of unsaturated fatty acids biosynthesis (E. coli)|unclassified	1.47766e-05
P221-PWY: octane oxidation	1.46127e-05
P221-PWY: octane oxidation|unclassified	1.46127e-05
POLYAMINSYN3-PWY: superpathway of polyamine biosynthesis II	1.4118e-05
POLYAMINSYN3-PWY: superpathway of polyamine biosynthesis II|unclassified	1.4118e-05
PWY-8131: 5'-deoxyadenosine degradation II	1.40815e-05
PWY-8131: 5'-deoxyadenosine degradation II|unclassified	1.40814e-05
PWY-6922: L-N&delta;-acetylornithine biosynthesis	1.39114e-05
PWY-6922: L-N&delta;-acetylornithine biosynthesis|unclassified	1.39114e-05
PWY0-1337: oleate &beta;-oxidation	1.3569e-05
PWY0-1337: oleate &beta;-oxidation|unclassified	1.3569e-05
PWY-6859: all-trans-farnesol biosynthesis	1.35248e-05
PWY-6859: all-trans-farnesol biosynthesis|unclassified	1.35244e-05
GOLPDLCAT-PWY: superpathway of glycerol degradation to 1,3-propanediol	1.3403e-05
GOLPDLCAT-PWY: superpathway of glycerol degradation to 1,3-propanediol|unclassified	1.3403e-05
PWY-7883: anhydromuropeptides recycling II	1.32311e-05
PWY-7883: anhydromuropeptides recycling II|unclassified	1.32311e-05
PWY-7456: &beta;-(1,4)-mannan degradation	1.29907e-05
PWY-7456: &beta;-(1,4)-mannan degradation|unclassified	1.29907e-05
PROTOCATECHUATE-ORTHO-CLEAVAGE-PWY: protocatechuate degradation II (ortho-cleavage pathway)	1.26167e-05
PROTOCATECHUATE-ORTHO-CLEAVAGE-PWY: protocatechuate degradation II (ortho-cleavage pathway)|unclassified	1.26167e-05
PWY-7094: fatty acid salvage	1.22106e-05
PWY-7094: fatty acid salvage|unclassified	1.22106e-05
PWY-5656: mannosylglycerate biosynthesis I	1.20034e-05
PWY-5656: mannosylglycerate biosynthesis I|unclassified	1.20034e-05
P23-PWY: reductive TCA cycle I	1.18464e-05
P23-PWY: reductive TCA cycle I|unclassified	1.18464e-05
PWY-7209: superpathway of pyrimidine ribonucleosides degradation	1.17173e-05
PWY-7209: superpathway of pyrimidine ribonucleosides degradation|unclassified	1.17173e-05
PWY-6992: 1,5-anhydrofructose degradation	1.16848e-05
PWY-6992: 1,5-anhydrofructose degradation|unclassified	1.16848e-05
PWY-5505: L-glutamate and L-glutamine biosynthesis	1.13107e-05
PWY-5505: L-glutamate and L-glutamine biosynthesis|unclassified	1.13107e-05
PWY0-42: 2-methylcitrate cycle I	1.11716e-05
PWY0-42: 2-methylcitrate cycle I|unclassified	1.11716e-05
PWY-5514: UDP-N-acetyl-D-galactosamine biosynthesis II	1.11326e-05
PWY-5514: UDP-N-acetyl-D-galactosamine biosynthesis II|unclassified	1.11326e-05
PWY-7165: L-ascorbate biosynthesis VIII (engineered pathway)	1.08866e-05
PWY-7165: L-ascorbate biosynthesis VIII (engineered pathway)|unclassified	1.08866e-05
PRPP-PWY: superpathway of histidine, purine, and pyrimidine biosynthesis	1.06977e-05
PRPP-PWY: superpathway of histidine, purine, and pyrimidine biosynthesis|unclassified	9.57223e-06
URSIN-PWY: ureide biosynthesis	1.06205e-05
URSIN-PWY: ureide biosynthesis|unclassified	1.06205e-05
PWY-5747: 2-methylcitrate cycle II	1.0527e-05
PWY-5747: 2-methylcitrate cycle II|unclassified	1.0527e-05
ECASYN-PWY: enterobacterial common antigen biosynthesis	1.00941e-05
ECASYN-PWY: enterobacterial common antigen biosynthesis|unclassified	1.00941e-05
P108-PWY: pyruvate fermentation to propanoate I	1.00067e-05
P108-PWY: pyruvate fermentation to propanoate I|unclassified	1.00067e-05
NAD-BIOSYNTHESIS-II: NAD salvage pathway III (to nicotinamide riboside)	9.76356e-06
NAD-BIOSYNTHESIS-II: NAD salvage pathway III (to nicotinamide riboside)|unclassified	9.76356e-06
THREOCAT-PWY: superpathway of L-threonine metabolism	9.24211e-06
THREOCAT-PWY: superpathway of L-threonine metabolism|unclassified	9.2421e-06
PWY-5417: catechol degradation III (ortho-cleavage pathway)	8.96196e-06
PWY-5417: catechol degradation III (ortho-cleavage pathway)|unclassified	8.96196e-06
PWY-5431: aromatic compounds degradation via &beta;-ketoadipate	8.96196e-06
PWY-5431: aromatic compounds degradation via &beta;-ketoadipate|unclassified	8.96196e-06
PWY0-1241: ADP-L-glycero-&beta;-D-manno-heptose biosynthesis	8.75818e-06
PWY0-1241: ADP-L-glycero-&beta;-D-manno-heptose biosynthesis|unclassified	8.75818e-06
PWY-7385: 1,3-propanediol biosynthesis (engineered)	8.39605e-06
PWY-7385: 1,3-propanediol biosynthesis (engineered)|unclassified	8.39592e-06
PWY-7196: superpathway of pyrimidine ribonucleosides salvage	8.29696e-06
PWY-7196: superpathway of pyrimidine ribonucleosides salvage|unclassified	4.01168e-06
GALACTITOLCAT-PWY: galactitol degradation	7.97154e-06
GALACTITOLCAT-PWY: galactitol degradation|unclassified	7.97154e-06
PWY-6185: 4-methylcatechol degradation (ortho cleavage)	7.86888e-06
PWY-6185: 4-methylcatechol degradation (ortho cleavage)|unclassified	7.86888e-06
PWY-6182: superpathway of salicylate degradation	7.46813e-06
PWY-6182: superpathway of salicylate degradation|unclassified	7.46813e-06
PWY-5392: reductive TCA cycle II	7.33725e-06
PWY-5392: reductive TCA cycle II|unclassified	7.33725e-06
CATECHOL-ORTHO-CLEAVAGE-PWY: catechol degradation to &beta;-ketoadipate	6.9586e-06
CATECHOL-ORTHO-CLEAVAGE-PWY: catechol degradation to &beta;-ketoadipate|unclassified	6.9586e-06
DENOVOPURINE2-PWY: superpathway of purine nucleotides de novo biosynthesis II	6.88705e-06
DENOVOPURINE2-PWY: superpathway of purine nucleotides de novo biosynthesis II|unclassified	6.88705e-06
PWY-5104: L-isoleucine biosynthesis IV	6.86146e-06
PWY-5104: L-isoleucine biosynthesis IV|unclassified	6.86145e-06
PWY-7204: pyridoxal 5'-phosphate salvage II (plants)	6.56193e-06
PWY-7204: pyridoxal 5'-phosphate salvage II (plants)|unclassified	6.56193e-06
PWY-5004: superpathway of L-citrulline metabolism	6.32824e-06
PWY-5004: superpathway of L-citrulline metabolism|unclassified	6.32824e-06
GLYCOLYSIS-TCA-GLYOX-BYPASS: superpathway of glycolysis, pyruvate dehydrogenase, TCA, and glyoxylate bypass	6.17987e-06
GLYCOLYSIS-TCA-GLYOX-BYPASS: superpathway of glycolysis, pyruvate dehydrogenase, TCA, and glyoxylate bypass|unclassified	6.17984e-06
DHGLUCONATE-PYR-CAT-PWY: glucose degradation (oxidative)	5.86136e-06
DHGLUCONATE-PYR-CAT-PWY: glucose degradation (oxidative)|unclassified	5.86136e-06
LPSSYN-PWY: superpathway of lipopolysaccharide biosynthesis	5.82346e-06
LPSSYN-PWY: superpathway of lipopolysaccharide biosynthesis|unclassified	5.82346e-06
GLYCOL-GLYOXDEG-PWY: superpathway of glycol metabolism and degradation	5.77462e-06
GLYCOL-GLYOXDEG-PWY: superpathway of glycol metabolism and degradation|unclassified	5.77462e-06
PWY-5855: ubiquinol-7 biosynthesis (early decarboxylation)	5.54132e-06
PWY-5855: ubiquinol-7 biosynthesis (early decarboxylation)|unclassified	5.54132e-06
PWY-7187: pyrimidine deoxyribonucleotides de novo biosynthesis II	5.45045e-06
PWY-7187: pyrimidine deoxyribonucleotides de novo biosynthesis II|unclassified	5.45045e-06
PWY-6590: superpathway of Clostridium acetobutylicum acidogenic fermentation	5.3712e-06
PWY-6590: superpathway of Clostridium acetobutylicum acidogenic fermentation|unclassified	5.3712e-06
DARABCATK12-PWY: D-arabinose degradation I	5.36126e-06
DARABCATK12-PWY: D-arabinose degradation I|unclassified	5.36126e-06
PWY-7807: glyphosate degradation III	4.68451e-06
PWY-7807: glyphosate degradation III|unclassified	4.68451e-06
PWY66-367: ketogenesis	4.52574e-06
PWY66-367: ketogenesis|unclassified	4.52574e-06
PWY-822: fructan biosynthesis	4.45588e-06
PWY-822: fructan biosynthesis|unclassified	4.45588e-06
PWY-6562: norspermidine biosynthesis	4.31039e-06
PWY-6562: norspermidine biosynthesis|unclassified	4.31039e-06
PWY-7805: (aminomethyl)phosphonate degradation	4.23381e-06
PWY-7805: (aminomethyl)phosphonate degradation|unclassified	4.23381e-06
PWY-7316: dTDP-N-acetylviosamine biosynthesis	4.20201e-06
PWY-7316: dTDP-N-acetylviosamine biosynthesis|unclassified	4.20201e-06
CENTFERM-PWY: pyruvate fermentation to butanoate	4.03565e-06
CENTFERM-PWY: pyruvate fermentation to butanoate|unclassified	4.03565e-06
PWY-7723: bacterial bioluminescence	3.90865e-06
PWY-7723: bacterial bioluminescence|unclassified	3.90865e-06
PWY-6318: L-phenylalanine degradation IV (mammalian, via side chain)	3.85474e-06
PWY-6318: L-phenylalanine degradation IV (mammalian, via side chain)|unclassified	3.85474e-06
PWY0-461: L-lysine degradation I	3.78296e-06
PWY0-461: L-lysine degradation I|unclassified	3.78296e-06
UBISYN-PWY: superpathway of ubiquinol-8 biosynthesis (early decarboxylation)	3.54868e-06
UBISYN-PWY: superpathway of ubiquinol-8 biosynthesis (early decarboxylation)|unclassified	3.54868e-06
PWY-5497: purine nucleobases degradation II (anaerobic)	3.45037e-06
PWY-5497: purine nucleobases degradation II (anaerobic)|unclassified	3.45037e-06
LIPA-CORESYN-PWY: lipid A-core biosynthesis (E. coli K-12)	3.36923e-06
LIPA-CORESYN-PWY: lipid A-core biosynthesis (E. coli K-12)|unclassified	3.36923e-06
PWY-5367: petroselinate biosynthesis	3.3662e-06
PWY-5367: petroselinate biosynthesis|unclassified	3.36618e-06
PWY-6588: pyruvate fermentation to acetone	3.33515e-06
PWY-6588: pyruvate fermentation to acetone|unclassified	3.33515e-06
PWY-6708: ubiquinol-8 biosynthesis (early decarboxylation)	3.21161e-06
PWY-6708: ubiquinol-8 biosynthesis (early decarboxylation)|unclassified	3.21161e-06
PWY-8086: (S)-lactate fermentation to propanoate, acetate and hydrogen	2.88273e-06
PWY-8086: (S)-lactate fermentation to propanoate, acetate and hydrogen|unclassified	2.88273e-06
PWY0-1533: methylphosphonate degradation I	2.77028e-06
PWY0-1533: methylphosphonate degradation I|unclassified	2.77028e-06
PWY-7616: methanol oxidation to carbon dioxide	2.72684e-06
PWY-7616: methanol oxidation to carbon dioxide|unclassified	2.72684e-06
KDO-NAGLIPASYN-PWY: superpathway of (Kdo)2-lipid A biosynthesis	2.71243e-06
KDO-NAGLIPASYN-PWY: superpathway of (Kdo)2-lipid A biosynthesis|unclassified	2.71243e-06
PWY-5130: 2-oxobutanoate degradation I	2.53148e-06
PWY-5130: 2-oxobutanoate degradation I|unclassified	2.53148e-06
PWY-5705: allantoin degradation to glyoxylate III	2.45721e-06
PWY-5705: allantoin degradation to glyoxylate III|unclassified	2.45721e-06
PWY-6876: isopropanol biosynthesis (engineered)	2.2984e-06
PWY-6876: isopropanol biosynthesis (engineered)|unclassified	2.2984e-06
ALLANTOINDEG-PWY: superpathway of allantoin degradation in yeast	2.29114e-06
ALLANTOINDEG-PWY: superpathway of allantoin degradation in yeast|unclassified	2.29114e-06
PWY-7384: anaerobic energy metabolism (invertebrates, mitochondrial)	2.26011e-06
PWY-7384: anaerobic energy metabolism (invertebrates, mitochondrial)|unclassified	2.26011e-06
PWY-6328: L-lysine degradation X	2.19732e-06
PWY-6328: L-lysine degradation X|unclassified	2.19732e-06
PWY0-1221: putrescine degradation II	2.07655e-06
PWY0-1221: putrescine degradation II|unclassified	2.07655e-06
PWY0-41: allantoin degradation IV (anaerobic)	1.68395e-06
PWY0-41: allantoin degradation IV (anaerobic)|unclassified	1.68395e-06
PWY-6215: 4-chlorobenzoate degradation	1.4967e-06
PWY-6215: 4-chlorobenzoate degradation|unclassified	1.4967e-06
PWY-5692: allantoin degradation to glyoxylate II	1.29365e-06
PWY-5692: allantoin degradation to glyoxylate II|unclassified	1.29365e-06
URDEGR-PWY: superpathway of allantoin degradation in plants	1.29365e-06
URDEGR-PWY: superpathway of allantoin degradation in plants|unclassified	1.29365e-06
PWY-7873: D-erythronate degradation II	1.20774e-06
PWY-7873: D-erythronate degradation II|unclassified	1.20774e-06
PWY-7874: L-threonate degradation	1.20774e-06
PWY-7874: L-threonate degradation|unclassified	1.20774e-06
PWY-5654: 2-amino-3-carboxymuconate semialdehyde degradation to 2-hydroxypentadienoate	9.97362e-07
PWY-5654: 2-amino-3-carboxymuconate semialdehyde degradation to 2-hydroxypentadienoate|unclassified	9.97362e-07
PWY-6210: 2-aminophenol degradation	9.97362e-07
PWY-6210: 2-aminophenol degradation|unclassified	9.97362e-07
PWY-7446: sulfoquinovose degradation I	9.71673e-07
PWY-7446: sulfoquinovose degradation I|unclassified	9.71673e-07
PWY-7039: phosphatidate metabolism, as a signaling molecule	8.22679e-07
PWY-7039: phosphatidate metabolism, as a signaling molecule|unclassified	8.22679e-07
PWY-6467: Kdo transfer to lipid IVA III (Chlamydia)	7.70273e-07
PWY-6467: Kdo transfer to lipid IVA III (Chlamydia)|unclassified	7.70273e-07
