"clade_name","NCBI_tax_id","relative_abundance","additional_species","tax_level","taxon"
"k__Bacteria|p__Firmicutes|c__Clostridia|o__Lachnospirales|f__Lachnospiraceae|g__Blautia","2|1239|186801|3085636|186803|572511",20.52717,"","genus","Blautia"
"k__Bacteria|p__Firmicutes|c__Clostridia|o__Lachnospirales|f__Lachnospiraceae|g__Mediterraneibacter","2|1239|186801|3085636|186803|2316020",12.02808,"","genus","Mediterraneibacter"
"k__Bacteria|p__Bacteroidota|c__Bacteroidia|o__Bacteroidales|f__Bacteroidaceae|g__Bacteroides","2|976|200643|171549|815|816",10.88633,"","genus","Bacteroides"
"k__Bacteria|p__Bacteroidota|c__Bacteroidia|o__Bacteroidales|f__Rikenellaceae|g__Alistipes","2|976|200643|171549|171550|239759",8.75971,"","genus","Alistipes"
"k__Bacteria|p__Firmicutes|c__Clostridia|o__Lachnospirales|f__Lachnospiraceae|g__Lachnospiraceae_unclassified","2|1239|186801|3085636|186803|",6.73882,"","genus","Lachnospiraceae_unclassified"
"k__Bacteria|p__Firmicutes|c__CFGB94588|o__OFGB94588|f__FGB94588|g__GGB51647","2|1239||||",5.45758,"","genus","GGB51647"
"k__Bacteria|p__Firmicutes|c__Clostridia|o__Lachnospirales|f__Lachnospiraceae|g__Anaerobutyricum","2|1239|186801|3085636|186803|2569097",4.10563,"","genus","Anaerobutyricum"
"k__Bacteria|p__Firmicutes|c__Clostridia|o__Lachnospirales|f__Lachnospiraceae|g__Fusicatenibacter","2|1239|186801|3085636|186803|1407607",3.91514,"","genus","Fusicatenibacter"
"k__Bacteria|p__Bacteroidota|c__Bacteroidia|o__Bacteroidales|f__Bacteroidaceae|g__Phocaeicola","2|976|200643|171549|815|909656",3.7819,"","genus","Phocaeicola"
"k__Bacteria|p__Firmicutes|c__Clostridia|o__Lachnospirales|f__Lachnospiraceae|g__Faecalimonas","2|1239|186801|3085636|186803|2005355",3.15753,"","genus","Faecalimonas"
"k__Bacteria|p__Actinomycetota|c__Coriobacteriia|o__Coriobacteriales|f__Coriobacteriaceae|g__Collinsella","2|201174|84998|84999|84107|102106",2.61212,"","genus","Collinsella"
"k__Bacteria|p__Actinomycetota|c__Actinomycetes|o__Bifidobacteriales|f__Bifidobacteriaceae|g__Bifidobacterium","2|201174|1760|85004|31953|1678",2.04729,"","genus","Bifidobacterium"
"k__Bacteria|p__Firmicutes|c__Clostridia|o__Lachnospirales|f__Lachnospiraceae|g__Coprococcus","2|1239|186801|3085636|186803|33042",1.9652,"","genus","Coprococcus"
"k__Bacteria|p__Firmicutes|c__Clostridia|o__Eubacteriales|f__Eubacteriales_unclassified|g__Evtepia","2|1239|186801|186802||2211178",1.28696,"","genus","Evtepia"
"k__Bacteria|p__Firmicutes|c__Clostridia|o__Eubacteriales|f__Oscillospiraceae|g__Hominilimicola","2|1239|186801|186802|216572|3073565",0.96917,"","genus","Hominilimicola"
"k__Bacteria|p__Bacteroidota|c__Bacteroidia|o__Bacteroidales|f__Prevotellaceae|g__Paraprevotella","2|976|200643|171549|171552|577309",0.9423,"","genus","Paraprevotella"
"k__Bacteria|p__Actinomycetota|c__Coriobacteriia|o__Eggerthellales|f__Eggerthellaceae|g__Eggerthella","2|201174|84998|1643822|1643826|84111",0.65541,"","genus","Eggerthella"
"k__Bacteria|p__Firmicutes|c__Clostridia|o__Lachnospirales|f__Lachnospiraceae|g__Anaerostipes","2|1239|186801|3085636|186803|207244",0.55643,"","genus","Anaerostipes"
"k__Bacteria|p__Firmicutes|c__Clostridia|o__Eubacteriales|f__Oscillospiraceae|g__Flavonifractor","2|1239|186801|186802|216572|946234",0.39263,"","genus","Flavonifractor"
"k__Bacteria|p__Firmicutes|c__Clostridia|o__Lachnospirales|f__Lachnospiraceae|g__Roseburia","2|1239|186801|3085636|186803|841",0.34984,"","genus","Roseburia"
"k__Bacteria|p__Firmicutes|c__Erysipelotrichia|o__Erysipelotrichales|f__Coprobacillaceae|g__Faecalibacillus","2|1239|526524|526525|2810280|2678885",0.33765,"","genus","Faecalibacillus"
"k__Bacteria|p__Bacteroidota|c__Bacteroidia|o__Bacteroidales|f__Bacteroidaceae|g__GGB28262","2|976|200643|171549|815|",0.30881,"","genus","GGB28262"
"k__Bacteria|p__Firmicutes|c__Erysipelotrichia|o__Erysipelotrichales|f__Erysipelotrichaceae|g__Erysipelotrichaceae_unclassified","2|1239|526524|526525|128827|",0.28517,"","genus","Erysipelotrichaceae_unclassified"
"k__Bacteria|p__Firmicutes|c__Bacilli|o__Lactobacillales|f__Streptococcaceae|g__Streptococcus","2|1239|91061|186826|1300|1301",0.27137,"","genus","Streptococcus"
"k__Bacteria|p__Firmicutes|c__Clostridia|o__Lachnospirales|f__Lachnospiraceae|g__Lachnoclostridium","2|1239|186801|3085636|186803|1506553",0.26997,"","genus","Lachnoclostridium"
"k__Bacteria|p__Firmicutes|c__Clostridia|o__Lachnospirales|f__Lachnospiraceae|g__GGB3602","2|1239|186801|3085636|186803|",0.26922,"","genus","GGB3602"
"k__Bacteria|p__Firmicutes|c__Bacillota_unclassified|o__Bacillota_unclassified|f__Bacillota_unclassified|g__Bacillota_unclassified","2|1239||||",0.26708,"","genus","Bacillota_unclassified"
"k__Bacteria|p__Firmicutes|c__Erysipelotrichia|o__Erysipelotrichales|f__Erysipelotrichaceae|g__Amedibacterium","2|1239|526524|526525|128827|2749267",0.25374,"","genus","Amedibacterium"
"k__Bacteria|p__Pseudomonadota|c__Gammaproteobacteria|o__Enterobacterales|f__Enterobacteriaceae|g__Escherichia","2|1224|1236|91347|543|561",0.23799,"","genus","Escherichia"
"k__Bacteria|p__Firmicutes|c__Clostridia|o__Lachnospirales|f__Lachnospiraceae|g__GGB98721","2|1239|186801|3085636|186803|",0.21378,"","genus","GGB98721"
"k__Bacteria|p__Actinomycetota|c__Coriobacteriia|o__Eggerthellales|f__Eggerthellaceae|g__Raoultibacter","2|201174|84998|1643822|1643826|1926677",0.20859,"","genus","Raoultibacter"
"k__Bacteria|p__Bacteroidota|c__Bacteroidia|o__Bacteroidales|f__Rikenellaceae|g__GGB47688","2|976|200643|171549|171550|",0.18808,"","genus","GGB47688"
"k__Bacteria|p__Firmicutes|c__Clostridia|o__Eubacteriales|f__Eubacteriaceae|g__Eubacterium","2|1239|186801|186802|186806|1730",0.18791,"","genus","Eubacterium"
"k__Bacteria|p__Firmicutes|c__Clostridia|o__Lachnospirales|f__Lachnospiraceae|g__GGB41473","2|1239|186801|3085636|186803|",0.1797,"","genus","GGB41473"
"k__Bacteria|p__Firmicutes|c__Clostridia|o__Lachnospirales|f__Lachnospiraceae|g__GGB3511","2|1239|186801|3085636|186803|",0.15921,"","genus","GGB3511"
"k__Bacteria|p__Firmicutes|c__Negativicutes|o__Acidaminococcales|f__Acidaminococcaceae|g__Phascolarctobacterium","2|1239|909932|1843488|909930|33024",0.1582,"","genus","Phascolarctobacterium"
"k__Bacteria|p__Bacteroidota|c__Bacteroidia|o__Bacteroidales|f__Bacteroidaceae|g__GGB112244","2|976|200643|171549|815|",0.15686,"","genus","GGB112244"
"k__Bacteria|p__Firmicutes|c__Clostridia|o__Lachnospirales|f__Lachnospiraceae|g__GGB3440","2|1239|186801|3085636|186803|",0.12145,"","genus","GGB3440"
"k__Bacteria|p__Firmicutes|c__Clostridia|o__Eubacteriales|f__Oscillospiraceae|g__Vescimonas","2|1239|186801|186802|216572|2892396",0.10709,"","genus","Vescimonas"
"k__Bacteria|p__Firmicutes|c__Clostridia|o__Eubacteriales|f__Eubacteriales_Family_XIII_Incertae_Sedis|g__Lentihominibacter","2|1239|186801|186802|543314|2944200",0.10534,"","genus","Lentihominibacter"
"k__Bacteria|p__Actinomycetota|c__Coriobacteriia|o__Eggerthellales|f__Eggerthellaceae|g__Adlercreutzia","2|201174|84998|1643822|1643826|447020",0.1016,"","genus","Adlercreutzia"
"k__Bacteria|p__Bacteroidota|c__Bacteroidia|o__Bacteroidales|f__Tannerellaceae|g__Parabacteroides","2|976|200643|171549|2005525|375288",0.09551,"","genus","Parabacteroides"
"k__Bacteria|p__Bacteroidota|c__Bacteroidia|o__Bacteroidales|f__Bacteroidaceae|g__GGB46133","2|976|200643|171549|815|",0.0936,"","genus","GGB46133"
"k__Bacteria|p__Bacteroidota|c__Bacteroidia|o__Bacteroidales|f__Bacteroidaceae|g__Mediterranea","2|976|200643|171549|815|1926659",0.09068,"","genus","Mediterranea"
"k__Bacteria|p__Firmicutes|c__Clostridia|o__Lachnospirales|f__Lachnospiraceae|g__GGB3593","2|1239|186801|3085636|186803|",0.08935,"","genus","GGB3593"
"k__Bacteria|p__Firmicutes|c__Clostridia|o__Lachnospirales|f__Lachnospiraceae|g__GGB51454","2|1239|186801|3085636|186803|",0.08805,"","genus","GGB51454"
"k__Bacteria|p__Firmicutes|c__Clostridia|o__Lachnospirales|f__Lachnospiraceae|g__GGB42674","2|1239|186801|3085636|186803|",0.08233,"","genus","GGB42674"
"k__Bacteria|p__Firmicutes|c__Erysipelotrichia|o__Erysipelotrichales|f__Coprobacillaceae|g__Thomasclavelia","2|1239|526524|526525|2810280|3025755",0.08089,"","genus","Thomasclavelia"
"k__Bacteria|p__Bacteroidota|c__Bacteroidia|o__Bacteroidales|f__Odoribacteraceae|g__Odoribacter","2|976|200643|171549|1853231|283168",0.08046,"","genus","Odoribacter"
"k__Bacteria|p__Bacteroidota|c__Bacteroidia|o__Bacteroidales|f__Bacteroidaceae|g__GGB47742","2|976|200643|171549|815|",0.08041,"","genus","GGB47742"
"k__Bacteria|p__Bacteroidota|c__CFGB95179|o__OFGB95179|f__FGB95179|g__GGB1350","2|976||||",0.07962,"","genus","GGB1350"
"k__Bacteria|p__Bacteroidota|c__Bacteroidia|o__Bacteroidales|f__Bacteroidaceae|g__GGB82120","2|976|200643|171549|815|",0.07758,"","genus","GGB82120"
"k__Bacteria|p__Firmicutes|c__Clostridia|o__Lachnospirales|f__Lachnospiraceae|g__GGB51491","2|1239|186801|3085636|186803|",0.07552,"","genus","GGB51491"
"k__Bacteria|p__Firmicutes|c__Clostridia|o__Lachnospirales|f__Lachnospiraceae|g__GGB3588","2|1239|186801|3085636|186803|",0.07551,"","genus","GGB3588"
"k__Bacteria|p__Firmicutes|c__Clostridia|o__Lachnospirales|f__Lachnospiraceae|g__GGB3430","2|1239|186801|3085636|186803|",0.07463,"","genus","GGB3430"
"k__Bacteria|p__Firmicutes|c__Erysipelotrichia|o__Erysipelotrichales|f__Turicibacteraceae|g__Turicibacter","2|1239|526524|526525|2810281|191303",0.07371,"","genus","Turicibacter"
"k__Bacteria|p__Bacteroidota|c__Bacteroidia|o__Bacteroidales|f__Bacteroidaceae|g__GGB28265","2|976|200643|171549|815|",0.06788,"","genus","GGB28265"
"k__Bacteria|p__Bacteroidota|c__Bacteroidia|o__Bacteroidales|f__Bacteroidaceae|g__GGB102246","2|976|200643|171549|815|",0.06755,"","genus","GGB102246"
"k__Bacteria|p__Firmicutes|c__CFGB1380|o__OFGB1380|f__FGB1380|g__GGB3363","2|1239||||",0.06414,"","genus","GGB3363"
"k__Bacteria|p__Firmicutes|c__Clostridia|o__Lachnospirales|f__Lachnospiraceae|g__Faecalicatena","2|1239|186801|3085636|186803|2005359",0.06174,"","genus","Faecalicatena"
"k__Bacteria|p__Pseudomonadota|c__Betaproteobacteria|o__Burkholderiales|f__Sutterellaceae|g__Parasutterella","2|1224|28216|80840|995019|577310",0.06095,"","genus","Parasutterella"
"k__Bacteria|p__Bacteroidota|c__Bacteroidia|o__Bacteroidales|f__Bacteroidaceae|g__Bacteroidaceae_unclassified","2|976|200643|171549|815|",0.06035,"","genus","Bacteroidaceae_unclassified"
"k__Bacteria|p__Firmicutes|c__Negativicutes|o__Selenomonadales|f__Selenomonadaceae|g__Megamonas","2|1239|909932|909929|1843491|158846",0.05683,"","genus","Megamonas"
"k__Bacteria|p__Firmicutes|c__Clostridia|o__Lachnospirales|f__Lachnospiraceae|g__GGB98720","2|1239|186801|3085636|186803|",0.05589,"","genus","GGB98720"
"k__Bacteria|p__Firmicutes|c__Clostridia|o__Eubacteriales|f__Oscillospiraceae|g__Ruminococcus","2|1239|186801|186802|216572|1263",0.05427,"","genus","Ruminococcus"
"k__Bacteria|p__Firmicutes|c__Clostridia|o__Lachnospirales|f__Lachnospiraceae|g__GGB3444","2|1239|186801|3085636|186803|",0.05301,"","genus","GGB3444"
"k__Bacteria|p__Firmicutes|c__Erysipelotrichia|o__Erysipelotrichales|f__Erysipelotrichaceae|g__Holdemania","2|1239|526524|526525|128827|61170",0.04984,"","genus","Holdemania"
"k__Bacteria|p__Bacteroidota|c__Bacteroidia|o__Bacteroidales|f__Bacteroidaceae|g__GGB28271","2|976|200643|171549|815|",0.04796,"","genus","GGB28271"
"k__Bacteria|p__Firmicutes|c__CFGB9718|o__OFGB9718|f__FGB9718|g__GGB115928","2|1239||||",0.0478,"","genus","GGB115928"
"k__Bacteria|p__Actinomycetota|c__Coriobacteriia|o__Eggerthellales|f__Eggerthellaceae|g__Gordonibacter","2|201174|84998|1643822|1643826|644652",0.04483,"","genus","Gordonibacter"
"k__Bacteria|p__Firmicutes|c__Clostridia|o__Lachnospirales|f__Lachnospiraceae|g__GGB48075","2|1239|186801|3085636|186803|",0.04367,"","genus","GGB48075"
"k__Bacteria|p__Firmicutes|c__Clostridia|o__Lachnospirales|f__Lachnospiraceae|g__GGB79384","2|1239|186801|3085636|186803|",0.04182,"","genus","GGB79384"
"k__Bacteria|p__Firmicutes|c__Clostridia|o__Eubacteriales|f__Oscillospiraceae|g__Ruthenibacterium","2|1239|186801|186802|216572|1905344",0.0418,"","genus","Ruthenibacterium"
"k__Bacteria|p__Firmicutes|c__Clostridia|o__Eubacteriales|f__Butyricicoccaceae|g__Agathobaculum","2|1239|186801|186802|3085642|2048137",0.04171,"","genus","Agathobaculum"
"k__Bacteria|p__Firmicutes|c__Clostridia|o__Lachnospirales|f__Anaerotignaceae|g__Anaerotignum","2|1239|186801|3085636|3118652|2039240",0.04144,"","genus","Anaerotignum"
"k__Bacteria|p__Firmicutes|c__Clostridia|o__Lachnospirales|f__Lachnospiraceae|g__GGB74412","2|1239|186801|3085636|186803|",0.0401,"","genus","GGB74412"
"k__Bacteria|p__Firmicutes|c__Clostridia|o__Lachnospirales|f__Lachnospiraceae|g__Dorea","2|1239|186801|3085636|186803|189330",0.03976,"","genus","Dorea"
"k__Bacteria|p__Firmicutes|c__Clostridia|o__Lachnospirales|f__Lachnospiraceae|g__GGB25063","2|1239|186801|3085636|186803|",0.03844,"","genus","GGB25063"
"k__Bacteria|p__Bacteroidota|c__Bacteroidia|o__Bacteroidales|f__Prevotellaceae|g__GGB28257","2|976|200643|171549|171552|",0.03729,"","genus","GGB28257"
"k__Bacteria|p__Firmicutes|c__Erysipelotrichia|o__Erysipelotrichales|f__Erysipelotrichaceae|g__Amedibacillus","2|1239|526524|526525|128827|2749846",0.03682,"","genus","Amedibacillus"
"k__Bacteria|p__Firmicutes|c__Clostridia|o__Eubacteriales|f__Oscillospiraceae|g__GGB40344","2|1239|186801|186802|216572|",0.03581,"","genus","GGB40344"
"k__Bacteria|p__Firmicutes|c__Clostridia|o__Lachnospirales|f__Lachnospiraceae|g__GGB116022","2|1239|186801|3085636|186803|",0.03508,"","genus","GGB116022"
"k__Bacteria|p__Firmicutes|c__Clostridia|o__Eubacteriales|f__Clostridiaceae|g__Clostridiaceae_unclassified","2|1239|186801|186802|31979|",0.03488,"","genus","Clostridiaceae_unclassified"
"k__Bacteria|p__Firmicutes|c__Negativicutes|o__Veillonellales|f__Veillonellaceae|g__Veillonella","2|1239|909932|1843489|31977|29465",0.03479,"","genus","Veillonella"
"k__Bacteria|p__Firmicutes|c__Clostridia|o__Eubacteriales|f__Oscillospiraceae|g__Neobittarella_ex_Bilen_et_al_2018","2|1239|186801|186802|216572|2126544",0.0345,"","genus","Neobittarella_ex_Bilen_et_al_2018"
"k__Bacteria|p__Firmicutes|c__Bacilli|o__Lactobacillales|f__Lactobacillaceae|g__Limosilactobacillus","2|1239|91061|186826|33958|2742598",0.03424,"","genus","Limosilactobacillus"
"k__Bacteria|p__Bacteroidota|c__Bacteroidia|o__Bacteroidales|f__Bacteroidaceae|g__GGB50002","2|976|200643|171549|815|",0.03408,"","genus","GGB50002"
"k__Bacteria|p__Firmicutes|c__Clostridia|o__Lachnospirales|f__Lachnospiraceae|g__GGB74515","2|1239|186801|3085636|186803|",0.03373,"","genus","GGB74515"
"k__Bacteria|p__Firmicutes|c__Clostridia|o__Eubacteriales|f__Eubacteriales_unclassified|g__Gemmiger","2|1239|186801|186802||204475",0.03335,"","genus","Gemmiger"
"k__Bacteria|p__Firmicutes|c__Clostridia|o__Lachnospirales|f__Lachnospiraceae|g__GGB33657","2|1239|186801|3085636|186803|",0.0326,"","genus","GGB33657"
"k__Bacteria|p__Firmicutes|c__Clostridia|o__Eubacteriales|f__Clostridiaceae|g__Clostridium","2|1239|186801|186802|31979|1485",0.03204,"","genus","Clostridium"
"k__Bacteria|p__Firmicutes|c__Clostridia|o__Lachnospirales|f__Lachnospiraceae|g__GGB39570","2|1239|186801|3085636|186803|",0.03029,"","genus","GGB39570"
"k__Bacteria|p__Firmicutes|c__Clostridia|o__Lachnospirales|f__Lachnospiraceae|g__GGB3603","2|1239|186801|3085636|186803|",0.03003,"","genus","GGB3603"
"k__Bacteria|p__Bacteroidota|c__Bacteroidia|o__Bacteroidales|f__Bacteroidaceae|g__GGB1359","2|976|200643|171549|815|",0.0285,"","genus","GGB1359"
"k__Bacteria|p__Firmicutes|c__Clostridia|o__Peptostreptococcales|f__Peptostreptococcaceae|g__Romboutsia","2|1239|186801|3082720|186804|1501226",0.02724,"","genus","Romboutsia"
"k__Bacteria|p__Firmicutes|c__Clostridia|o__Lachnospirales|f__Lachnospiraceae|g__GGB3441","2|1239|186801|3085636|186803|",0.02611,"","genus","GGB3441"
"k__Bacteria|p__Bacteroidota|c__Bacteroidia|o__Bacteroidales|f__Prevotellaceae|g__GGB1341","2|976|200643|171549|171552|",0.02589,"","genus","GGB1341"
"k__Bacteria|p__Bacteroidota|c__Bacteroidia|o__Bacteroidales|f__Bacteroidaceae|g__GGB1374","2|976|200643|171549|815|",0.02431,"","genus","GGB1374"
"k__Bacteria|p__Firmicutes|c__Clostridia|o__Lachnospirales|f__Lachnospiraceae|g__GGB86212","2|1239|186801|3085636|186803|",0.02426,"","genus","GGB86212"
"k__Bacteria|p__Bacteroidota|c__Bacteroidia|o__Bacteroidales|f__Bacteroidaceae|g__GGB77009","2|976|200643|171549|815|",0.02344,"","genus","GGB77009"
"k__Bacteria|p__Firmicutes|c__Clostridia|o__Eubacteriales|f__Oscillospiraceae|g__GGB41367","2|1239|186801|186802|216572|",0.02318,"","genus","GGB41367"
"k__Bacteria|p__Firmicutes|c__Clostridia|o__Lachnospirales|f__Lachnospiraceae|g__GGB13229","2|1239|186801|3085636|186803|",0.02272,"","genus","GGB13229"
"k__Bacteria|p__Firmicutes|c__Clostridia|o__Lachnospirales|f__Lachnospiraceae|g__GGB101491","2|1239|186801|3085636|186803|",0.02226,"","genus","GGB101491"
"k__Bacteria|p__Firmicutes|c__Clostridia|o__Eubacteriales|f__Oscillospiraceae|g__GGB9743","2|1239|186801|186802|216572|",0.02189,"","genus","GGB9743"
"k__Bacteria|p__Firmicutes|c__Clostridia|o__Lachnospirales|f__Lachnospiraceae|g__GGB51435","2|1239|186801|3085636|186803|",0.02182,"","genus","GGB51435"
"k__Bacteria|p__Firmicutes|c__Clostridia|o__Lachnospirales|f__Lachnospiraceae|g__GGB34476","2|1239|186801|3085636|186803|",0.02159,"","genus","GGB34476"
"k__Bacteria|p__Firmicutes|c__Clostridia|o__Lachnospirales|f__Lachnospiraceae|g__GGB25064","2|1239|186801|3085636|186803|",0.02125,"","genus","GGB25064"
"k__Bacteria|p__Firmicutes|c__Clostridia|o__Eubacteriales|f__Oscillospiraceae|g__Faecalibacterium","2|1239|186801|186802|216572|216851",0.0212,"","genus","Faecalibacterium"
"k__Bacteria|p__Bacteroidota|c__CFGB56395|o__OFGB56395|f__FGB56395|g__GGB82167","2|976||||",0.02043,"","genus","GGB82167"
"k__Bacteria|p__Firmicutes|c__Clostridia|o__Eubacteriales|f__Eubacteriales_Family_XIII_Incertae_Sedis|g__Zhenpiania","2|1239|186801|186802|543314|2944199",0.02002,"","genus","Zhenpiania"
"k__Bacteria|p__Bacteroidota|c__Bacteroidia|o__Bacteroidales|f__Bacteroidaceae|g__GGB49985","2|976|200643|171549|815|",0.01998,"","genus","GGB49985"
"k__Bacteria|p__Actinomycetota|c__Actinomycetes|o__Actinomycetales|f__Actinomycetaceae|g__Schaalia","2|201174|1760|2037|2049|2529408",0.01992,"","genus","Schaalia"
"k__Bacteria|p__Firmicutes|c__Clostridia|o__Lachnospirales|f__Lachnospiraceae|g__GGB79386","2|1239|186801|3085636|186803|",0.01936,"","genus","GGB79386"
"k__Bacteria|p__Bacteroidota|c__Bacteroidia|o__Bacteroidales|f__Bacteroidaceae|g__GGB77005","2|976|200643|171549|815|",0.01839,"","genus","GGB77005"
"k__Bacteria|p__Firmicutes|c__Clostridia|o__Lachnospirales|f__Lachnospiraceae|g__GGB51466","2|1239|186801|3085636|186803|",0.01822,"","genus","GGB51466"
"k__Bacteria|p__Firmicutes|c__CFGB93799|o__OFGB93799|f__FGB93799|g__GGB42659","2|1239||||",0.01675,"","genus","GGB42659"
"k__Bacteria|p__Bacteroidota|c__Bacteroidia|o__Bacteroidales|f__Prevotellaceae|g__GGB1119","2|976|200643|171549|171552|",0.01671,"","genus","GGB1119"
"k__Bacteria|p__Bacteroidota|c__Bacteroidia|o__Bacteroidales|f__Bacteroidaceae|g__GGB77003","2|976|200643|171549|815|",0.01661,"","genus","GGB77003"
"k__Bacteria|p__Bacteroidota|c__Bacteroidia|o__Bacteroidales|f__Bacteroidaceae|g__GGB112240","2|976|200643|171549|815|",0.01632,"","genus","GGB112240"
"k__Bacteria|p__Firmicutes|c__Clostridia|o__Christensenellales|f__Christensenellaceae|g__Christensenella","2|1239|186801|3082768|990719|990721",0.01612,"","genus","Christensenella"
"k__Bacteria|p__Bacteroidota|c__Bacteroidia|o__Bacteroidales|f__Prevotellaceae|g__GGB112682","2|976|200643|171549|171552|",0.01605,"","genus","GGB112682"
"k__Bacteria|p__Firmicutes|c__Clostridia|o__Lachnospirales|f__Lachnospiraceae|g__Waltera","2|1239|186801|3085636|186803|2815781",0.01573,"","genus","Waltera"
"k__Bacteria|p__Firmicutes|c__Clostridia|o__Lachnospirales|f__Lachnospiraceae|g__GGB85867","2|1239|186801|3085636|186803|",0.01545,"","genus","GGB85867"
"k__Bacteria|p__Actinomycetota|c__Actinomycetes|o__Actinomycetales|f__Actinomycetaceae|g__Actinomyces","2|201174|1760|2037|2049|1654",0.01487,"","genus","Actinomyces"
"k__Bacteria|p__Firmicutes|c__Clostridia|o__Lachnospirales|f__Lachnospiraceae|g__GGB51407","2|1239|186801|3085636|186803|",0.0147,"","genus","GGB51407"
"k__Bacteria|p__Firmicutes|c__Clostridia|o__Lachnospirales|f__Lachnospiraceae|g__GGB142025","2|1239|186801|3085636|186803|",0.01407,"","genus","GGB142025"
"k__Bacteria|p__Firmicutes|c__Clostridia|o__Lachnospirales|f__Lachnospiraceae|g__GGB42656","2|1239|186801|3085636|186803|",0.01388,"","genus","GGB42656"
"k__Bacteria|p__Bacteroidota|c__Bacteroidia|o__Bacteroidales|f__Rikenellaceae|g__GGB81820","2|976|200643|171549|171550|",0.01368,"","genus","GGB81820"
"k__Bacteria|p__Firmicutes|c__Clostridia|o__Eubacteriales|f__Oscillospiraceae|g__GGB36331","2|1239|186801|186802|216572|",0.01363,"","genus","GGB36331"
"k__Bacteria|p__Firmicutes|c__Clostridia|o__Eubacteriales|f__Oscillospiraceae|g__Merdimmobilis","2|1239|186801|186802|216572|3028852",0.01361,"","genus","Merdimmobilis"
"k__Bacteria|p__Firmicutes|c__Clostridia|o__Lachnospirales|f__Lachnospiraceae|g__GGB42677","2|1239|186801|3085636|186803|",0.0136,"","genus","GGB42677"
"k__Bacteria|p__Firmicutes|c__Erysipelotrichia|o__Erysipelotrichales|f__Erysipelotrichaceae|g__Longicatena","2|1239|526524|526525|128827|1918536",0.0135,"","genus","Longicatena"
"k__Bacteria|p__Firmicutes|c__Clostridia|o__Lachnospirales|f__Lachnospiraceae|g__GGB28695","2|1239|186801|3085636|186803|",0.01343,"","genus","GGB28695"
"k__Bacteria|p__Firmicutes|c__Clostridia|o__Lachnospirales|f__Lachnospiraceae|g__GGB48077","2|1239|186801|3085636|186803|",0.01291,"","genus","GGB48077"
"k__Bacteria|p__Firmicutes|c__Clostridia|o__Lachnospirales|f__Lachnospiraceae|g__GGB47969","2|1239|186801|3085636|186803|",0.0129,"","genus","GGB47969"
"k__Bacteria|p__Firmicutes|c__Clostridia|o__Lachnospirales|f__Lachnospiraceae|g__GGB13228","2|1239|186801|3085636|186803|",0.0128,"","genus","GGB13228"
"k__Bacteria|p__Bacteroidota|c__Bacteroidia|o__Bacteroidales|f__Bacteroidaceae|g__GGB82148","2|976|200643|171549|815|",0.01273,"","genus","GGB82148"
"k__Bacteria|p__Bacteroidota|c__Bacteroidia|o__Bacteroidales|f__Bacteroidaceae|g__GGB1364","2|976|200643|171549|815|",0.01255,"","genus","GGB1364"
"k__Bacteria|p__Firmicutes|c__Clostridia|o__Lachnospirales|f__Lachnospiraceae|g__GGB74505","2|1239|186801|3085636|186803|",0.01254,"","genus","GGB74505"
"k__Bacteria|p__Bacteroidota|c__Bacteroidia|o__Bacteroidales|f__Bacteroidaceae|g__GGB1387","2|976|200643|171549|815|",0.01227,"","genus","GGB1387"
"k__Bacteria|p__Firmicutes|c__Clostridia|o__Lachnospirales|f__Lachnospiraceae|g__GGB48069","2|1239|186801|3085636|186803|",0.01204,"","genus","GGB48069"
"k__Bacteria|p__Firmicutes|c__Clostridia|o__Eubacteriales|f__Clostridiaceae|g__Lactonifactor","2|1239|186801|186802|31979|420345",0.01158,"","genus","Lactonifactor"
"k__Bacteria|p__Bacteroidota|c__Bacteroidia|o__Bacteroidales|f__Bacteroidaceae|g__GGB112248","2|976|200643|171549|815|",0.01147,"","genus","GGB112248"
"k__Bacteria|p__Firmicutes|c__Clostridia|o__Lachnospirales|f__Lachnospiraceae|g__GGB142027","2|1239|186801|3085636|186803|",0.01137,"","genus","GGB142027"
"k__Bacteria|p__Firmicutes|c__Clostridia|o__Lachnospirales|f__Lachnospiraceae|g__GGB3451","2|1239|186801|3085636|186803|",0.01135,"","genus","GGB3451"
"k__Bacteria|p__Firmicutes|c__CFGB1292|o__OFGB1292|f__FGB1292|g__GGB3109","2|1239||||",0.01122,"","genus","GGB3109"
"k__Bacteria|p__Bacteroidota|c__Bacteroidia|o__Bacteroidales|f__Rikenellaceae|g__Rikenellaceae_unclassified","2|976|200643|171549|171550|",0.01113,"","genus","Rikenellaceae_unclassified"
"k__Bacteria|p__Bacteroidota|c__Bacteroidia|o__Bacteroidales|f__Bacteroidaceae|g__GGB112239","2|976|200643|171549|815|",0.01093,"","genus","GGB112239"
"k__Bacteria|p__Bacteroidota|c__Bacteroidia|o__Bacteroidales|f__Prevotellaceae|g__GGB112681","2|976|200643|171549|171552|",0.01089,"","genus","GGB112681"
"k__Bacteria|p__Firmicutes|c__Clostridia|o__Eubacteriales|f__Oscillospiraceae|g__Massiliimalia","2|1239|186801|186802|216572|2895461",0.0108,"","genus","Massiliimalia"
"k__Bacteria|p__Bacteroidota|c__CFGB87848|o__OFGB87848|f__FGB87848|g__GGB33359","2|976||||",0.01071,"","genus","GGB33359"
"k__Bacteria|p__Firmicutes|c__Clostridia|o__Lachnospirales|f__Lachnospiraceae|g__GGB42658","2|1239|186801|3085636|186803|",0.0105,"","genus","GGB42658"
"k__Bacteria|p__Firmicutes|c__Clostridia|o__Lachnospirales|f__Lachnospiraceae|g__GGB79215","2|1239|186801|3085636|186803|",0.01048,"","genus","GGB79215"
"k__Bacteria|p__Bacteroidota|c__Bacteroidia|o__Bacteroidales|f__Bacteroidaceae|g__GGB82149","2|976|200643|171549|815|",0.01042,"","genus","GGB82149"
"k__Bacteria|p__Firmicutes|c__Clostridia|o__Lachnospirales|f__Lachnospiraceae|g__GGB81342","2|1239|186801|3085636|186803|",0.01014,"","genus","GGB81342"
"k__Bacteria|p__Firmicutes|c__Erysipelotrichia|o__Erysipelotrichales|f__Coprobacillaceae|g__Coprobacillaceae_unclassified","2|1239|526524|526525|2810280|",0.01011,"","genus","Coprobacillaceae_unclassified"
"k__Bacteria|p__Firmicutes|c__Clostridia|o__Lachnospirales|f__Lachnospiraceae|g__GGB86012","2|1239|186801|3085636|186803|",0.01003,"","genus","GGB86012"
"k__Bacteria|p__Firmicutes|c__Clostridia|o__Lachnospirales|f__Lachnospiraceae|g__Sellimonas","2|1239|186801|3085636|186803|1769710",0.00972,"","genus","Sellimonas"
"k__Bacteria|p__Actinomycetota|c__Coriobacteriia|o__Eggerthellales|f__Eggerthellaceae|g__GGB99839","2|201174|84998|1643822|1643826|",0.00955,"","genus","GGB99839"
"k__Bacteria|p__Firmicutes|c__Clostridia|o__Lachnospirales|f__Lachnospiraceae|g__GGB86446","2|1239|186801|3085636|186803|",0.00929,"","genus","GGB86446"
"k__Bacteria|p__Firmicutes|c__Erysipelotrichia|o__Erysipelotrichales|f__Coprobacillaceae|g__GGB87009","2|1239|526524|526525|2810280|",0.00926,"","genus","GGB87009"
"k__Bacteria|p__Bacteroidota|c__Bacteroidia|o__Bacteroidales|f__Bacteroidaceae|g__GGB47743","2|976|200643|171549|815|",0.00914,"","genus","GGB47743"
"k__Bacteria|p__Firmicutes|c__Clostridia|o__Lachnospirales|f__Lachnospiraceae|g__GGB42653","2|1239|186801|3085636|186803|",0.00896,"","genus","GGB42653"
"k__Bacteria|p__Bacteroidota|c__Bacteroidia|o__Bacteroidales|f__Bacteroidaceae|g__GGB1354","2|976|200643|171549|815|",0.00888,"","genus","GGB1354"
"k__Bacteria|p__Firmicutes|c__Clostridia|o__Lachnospirales|f__Lachnospiraceae|g__GGB75110","2|1239|186801|3085636|186803|",0.00859,"","genus","GGB75110"
"k__Bacteria|p__Bacteroidota|c__Bacteroidia|o__Bacteroidales|f__Bacteroidaceae|g__GGB1396","2|976|200643|171549|815|",0.00858,"","genus","GGB1396"
"k__Bacteria|p__Firmicutes|c__Clostridia|o__Lachnospirales|f__Lachnospiraceae|g__GGB86349","2|1239|186801|3085636|186803|",0.00857,"","genus","GGB86349"
"k__Bacteria|p__Bacteroidota|c__Bacteroidia|o__Bacteroidales|f__Bacteroidaceae|g__GGB142034","2|976|200643|171549|815|",0.00827,"","genus","GGB142034"
"k__Bacteria|p__Firmicutes|c__Clostridia|o__Lachnospirales|f__Lachnospiraceae|g__GGB42657","2|1239|186801|3085636|186803|",0.00827,"","genus","GGB42657"
"k__Bacteria|p__Bacteroidota|c__Bacteroidia|o__Bacteroidales|f__Bacteroidaceae|g__GGB142033","2|976|200643|171549|815|",0.00826,"","genus","GGB142033"
"k__Bacteria|p__Firmicutes|c__CFGB9491|o__OFGB9491|f__FGB9491|g__GGB9491","2|1239||||",0.00825,"","genus","GGB9491"
"k__Bacteria|p__Firmicutes|c__CFGB49681|o__OFGB49681|f__FGB49681|g__GGB3583","2|1239||||",0.0081,"","genus","GGB3583"
"k__Bacteria|p__Firmicutes|c__Clostridia|o__Lachnospirales|f__Lachnospiraceae|g__GGB116014","2|1239|186801|3085636|186803|",0.00808,"","genus","GGB116014"
"k__Bacteria|p__Bacteroidota|c__Bacteroidia|o__Bacteroidales|f__Rikenellaceae|g__GGB1688","2|976|200643|171549|171550|",0.00804,"","genus","GGB1688"
"k__Bacteria|p__Actinomycetota|c__Coriobacteriia|o__Eggerthellales|f__Eggerthellaceae|g__Rubneribacter","2|201174|84998|1643822|1643826|2126002",0.00794,"","genus","Rubneribacter"
"k__Bacteria|p__Bacteroidota|c__CFGB594|o__OFGB594|f__FGB594|g__GGB1347","2|976||||",0.00777,"","genus","GGB1347"
"k__Bacteria|p__Firmicutes|c__Clostridia|o__Lachnospirales|f__Lachnospiraceae|g__GGB42524","2|1239|186801|3085636|186803|",0.00752,"","genus","GGB42524"
"k__Bacteria|p__Firmicutes|c__Clostridia|o__Eubacteriales|f__Clostridiaceae|g__Mordavella","2|1239|186801|186802|31979|1981033",0.00751,"","genus","Mordavella"
"k__Bacteria|p__Firmicutes|c__Clostridia|o__Lachnospirales|f__Lachnospiraceae|g__GGB86223","2|1239|186801|3085636|186803|",0.00732,"","genus","GGB86223"
"k__Bacteria|p__Firmicutes|c__Clostridia|o__Lachnospirales|f__Lachnospiraceae|g__GGB51382","2|1239|186801|3085636|186803|",0.00688,"","genus","GGB51382"
"k__Bacteria|p__Bacteroidota|c__CFGB95179|o__OFGB95179|f__FGB95179|g__GGB74328","2|976||||",0.00684,"","genus","GGB74328"
"k__Bacteria|p__Bacteroidota|c__Bacteroidia|o__Bacteroidales|f__Bacteroidaceae|g__GGB1379","2|976|200643|171549|815|",0.00676,"","genus","GGB1379"
"k__Bacteria|p__Firmicutes|c__Clostridia|o__Eubacteriales|f__Oscillospiraceae|g__Dysosmobacter","2|1239|186801|186802|216572|2591381",0.00675,"","genus","Dysosmobacter"
"k__Bacteria|p__Firmicutes|c__Clostridia|o__Lachnospirales|f__Lachnospiraceae|g__GGB29559","2|1239|186801|3085636|186803|",0.00649,"","genus","GGB29559"
"k__Bacteria|p__Firmicutes|c__Clostridia|o__Eubacteriales|f__Oscillospiraceae|g__Lawsonibacter","2|1239|186801|186802|216572|2172004",0.00645,"","genus","Lawsonibacter"
"k__Bacteria|p__Firmicutes|c__Clostridia|o__Lachnospirales|f__Lachnospiraceae|g__GGB79219","2|1239|186801|3085636|186803|",0.00631,"","genus","GGB79219"
"k__Bacteria|p__Firmicutes|c__Negativicutes|o__Acidaminococcales|f__Acidaminococcaceae|g__GGB4257","2|1239|909932|1843488|909930|",0.00614,"","genus","GGB4257"
"k__Bacteria|p__Bacteroidota|c__Bacteroidia|o__Bacteroidales|f__Bacteroidaceae|g__Jilunia","2|976|200643|171549|815|2983509",0.0061,"","genus","Jilunia"
"k__Bacteria|p__Firmicutes|c__CFGB1448|o__OFGB1448|f__FGB1448|g__GGB86353","2|1239||||",0.00603,"","genus","GGB86353"
"k__Bacteria|p__Firmicutes|c__Clostridia|o__Lachnospirales|f__Lachnospiraceae|g__Claveliimonas","2|1239|186801|3085636|186803|3076670",0.00594,"","genus","Claveliimonas"
"k__Bacteria|p__Bacteroidota|c__Bacteroidia|o__Bacteroidales|f__Bacteroidaceae|g__GGB74317","2|976|200643|171549|815|",0.0059,"","genus","GGB74317"
"k__Bacteria|p__Bacteroidota|c__Bacteroidia|o__Bacteroidales|f__Rikenellaceae|g__GGB101772","2|976|200643|171549|171550|",0.00586,"","genus","GGB101772"
"k__Bacteria|p__Firmicutes|c__Clostridia|o__Lachnospirales|f__Lachnospiraceae|g__Hespellia","2|1239|186801|3085636|186803|241189",0.00541,"","genus","Hespellia"
"k__Bacteria|p__Firmicutes|c__Clostridia|o__Lachnospirales|f__Lachnospiraceae|g__GGB42588","2|1239|186801|3085636|186803|",0.00536,"","genus","GGB42588"
"k__Bacteria|p__Bacteroidota|c__Bacteroidia|o__Bacteroidales|f__Bacteroidaceae|g__GGB1380","2|976|200643|171549|815|",0.00514,"","genus","GGB1380"
"k__Bacteria|p__Firmicutes|c__Clostridia|o__Lachnospirales|f__Lachnospiraceae|g__GGB86220","2|1239|186801|3085636|186803|",0.00507,"","genus","GGB86220"
"k__Bacteria|p__Actinomycetota|c__Coriobacteriia|o__Eggerthellales|f__Eggerthellaceae|g__GGB71650","2|201174|84998|1643822|1643826|",0.00503,"","genus","GGB71650"
"k__Bacteria|p__Bacteroidota|c__Bacteroidia|o__Bacteroidales|f__Bacteroidaceae|g__GGB82122","2|976|200643|171549|815|",0.00498,"","genus","GGB82122"
"k__Bacteria|p__Firmicutes|c__Clostridia|o__Lachnospirales|f__Lachnospiraceae|g__GGB38239","2|1239|186801|3085636|186803|",0.00496,"","genus","GGB38239"
"k__Bacteria|p__Firmicutes|c__Clostridia|o__Lachnospirales|f__Lachnospiraceae|g__GGB79223","2|1239|186801|3085636|186803|",0.0048,"","genus","GGB79223"
"k__Bacteria|p__Firmicutes|c__Erysipelotrichia|o__Erysipelotrichales|f__Coprobacillaceae|g__GGB70290","2|1239|526524|526525|2810280|",0.00475,"","genus","GGB70290"
"k__Bacteria|p__Bacteroidota|c__Bacteroidia|o__Bacteroidales|f__Bacteroidaceae|g__GGB17192","2|976|200643|171549|815|",0.00473,"","genus","GGB17192"
"k__Bacteria|p__Actinomycetota|c__Coriobacteriia|o__Eggerthellales|f__Eggerthellaceae|g__Enteroscipio","2|201174|84998|1643822|1643826|2126006",0.00469,"","genus","Enteroscipio"
"k__Bacteria|p__Firmicutes|c__Clostridia|o__Lachnospirales|f__Lachnospiraceae|g__GGB79385","2|1239|186801|3085636|186803|",0.00468,"","genus","GGB79385"
"k__Bacteria|p__Actinomycetota|c__Coriobacteriia|o__Coriobacteriales|f__Coriobacteriaceae|g__GGB99878","2|201174|84998|84999|84107|",0.00457,"","genus","GGB99878"
"k__Bacteria|p__Bacteroidota|c__CFGB1371|o__OFGB1371|f__FGB1371|g__GGB81567","2|976||||",0.00451,"","genus","GGB81567"
"k__Bacteria|p__Firmicutes|c__Clostridia|o__Lachnospirales|f__Lachnospiraceae|g__GGB86207","2|1239|186801|3085636|186803|",0.0045,"","genus","GGB86207"
"k__Bacteria|p__Firmicutes|c__CFGB84496|o__OFGB84496|f__FGB84496|g__GGB99701","2|1239||||",0.00446,"","genus","GGB99701"
"k__Bacteria|p__Firmicutes|c__CFGB78886|o__OFGB78886|f__FGB78886|g__GGB3517","2|1239||||",0.00445,"","genus","GGB3517"
"k__Bacteria|p__Bacteroidota|c__Bacteroidia|o__Bacteroidales|f__Bacteroidaceae|g__GGB112281","2|976|200643|171549|815|",0.00409,"","genus","GGB112281"
"k__Bacteria|p__Firmicutes|c__Clostridia|o__Lachnospirales|f__Lachnospiraceae|g__GGB99763","2|1239|186801|3085636|186803|",0.00406,"","genus","GGB99763"
"k__Bacteria|p__Bacteroidota|c__CFGB594|o__OFGB594|f__FGB594|g__GGB1346","2|976||||",0.00403,"","genus","GGB1346"
"k__Bacteria|p__Bacteroidota|c__Bacteroidia|o__Bacteroidales|f__Rikenellaceae|g__GGB27788","2|976|200643|171549|171550|",0.00394,"","genus","GGB27788"
"k__Bacteria|p__Firmicutes|c__Clostridia|o__Lachnospirales|f__Lachnospiraceae|g__GGB86424","2|1239|186801|3085636|186803|",0.00392,"","genus","GGB86424"
"k__Bacteria|p__Firmicutes|c__Clostridia|o__Lachnospirales|f__Lachnospiraceae|g__GGB142732","2|1239|186801|3085636|186803|",0.00377,"","genus","GGB142732"
"k__Bacteria|p__Firmicutes|c__Clostridia|o__Lachnospirales|f__Lachnospiraceae|g__GGB3449","2|1239|186801|3085636|186803|",0.00364,"","genus","GGB3449"
"k__Bacteria|p__Firmicutes|c__Clostridia|o__Lachnospirales|f__Lachnospiraceae|g__GGB3446","2|1239|186801|3085636|186803|",0.00361,"","genus","GGB3446"
"k__Bacteria|p__Firmicutes|c__CFGB79262|o__OFGB79262|f__FGB79262|g__GGB85816","2|1239||||",0.00359,"","genus","GGB85816"
"k__Bacteria|p__Bacteroidota|c__Bacteroidia|o__Bacteroidales|f__Bacteroidaceae|g__GGB82127","2|976|200643|171549|815|",0.00353,"","genus","GGB82127"
"k__Bacteria|p__Firmicutes|c__Clostridia|o__Peptostreptococcales|f__Anaerovoracaceae|g__Mogibacterium","2|1239|186801|3082720|3030910|86331",0.00351,"","genus","Mogibacterium"
"k__Bacteria|p__Bacteroidota|c__Bacteroidia|o__Bacteroidales|f__Bacteroidaceae|g__GGB82146","2|976|200643|171549|815|",0.0035,"","genus","GGB82146"
"k__Bacteria|p__Actinomycetota|c__Coriobacteriia|o__Eggerthellales|f__Eggerthellaceae|g__GGB45432","2|201174|84998|1643822|1643826|",0.00344,"","genus","GGB45432"
"k__Bacteria|p__Firmicutes|c__Clostridia|o__Lachnospirales|f__Lachnospiraceae|g__GGB99817","2|1239|186801|3085636|186803|",0.00342,"","genus","GGB99817"
"k__Bacteria|p__Bacteroidota|c__Bacteroidia|o__Bacteroidales|f__Rikenellaceae|g__GGB27792","2|976|200643|171549|171550|",0.00337,"","genus","GGB27792"
"k__Bacteria|p__Firmicutes|c__Clostridia|o__Eubacteriales|f__Oscillospiraceae|g__GGB79098","2|1239|186801|186802|216572|",0.00331,"","genus","GGB79098"
"k__Bacteria|p__Bacteroidota|c__CFGB56395|o__OFGB56395|f__FGB56395|g__GGB82164","2|976||||",0.00324,"","genus","GGB82164"
"k__Bacteria|p__Firmicutes|c__Clostridia|o__Lachnospirales|f__Lachnospiraceae|g__GGB3516","2|1239|186801|3085636|186803|",0.00321,"","genus","GGB3516"
"k__Bacteria|p__Firmicutes|c__Clostridia|o__Lachnospirales|f__Lachnospiraceae|g__GGB49418","2|1239|186801|3085636|186803|",0.00317,"","genus","GGB49418"
"k__Bacteria|p__Bacteroidota|c__CFGB87848|o__OFGB87848|f__FGB87848|g__GGB40117","2|976||||",0.00312,"","genus","GGB40117"
"k__Bacteria|p__Firmicutes|c__Clostridia|o__Lachnospirales|f__Lachnospiraceae|g__GGB33858","2|1239|186801|3085636|186803|",0.00309,"","genus","GGB33858"
"k__Bacteria|p__Bacteroidota|c__Bacteroidia|o__Bacteroidales|f__Rikenellaceae|g__GGB101777","2|976|200643|171549|171550|",0.00292,"","genus","GGB101777"
"k__Bacteria|p__Firmicutes|c__Clostridia|o__Lachnospirales|f__Lachnospiraceae|g__Luxibacter","2|1239|186801|3085636|186803|2813348",0.0028,"","genus","Luxibacter"
"k__Bacteria|p__Bacteroidota|c__Bacteroidia|o__Bacteroidales|f__Rikenellaceae|g__GGB81814","2|976|200643|171549|171550|",0.00278,"","genus","GGB81814"
"k__Bacteria|p__Firmicutes|c__Clostridia|o__Eubacteriales|f__Oscillospiraceae|g__GGB75057","2|1239|186801|186802|216572|",0.00277,"","genus","GGB75057"
"k__Bacteria|p__Bacteroidota|c__Bacteroidia|o__Bacteroidales|f__Rikenellaceae|g__GGB81821","2|976|200643|171549|171550|",0.00276,"","genus","GGB81821"
"k__Bacteria|p__Bacteroidota|c__Bacteroidia|o__Bacteroidales|f__Prevotellaceae|g__GGB56367","2|976|200643|171549|171552|",0.00275,"","genus","GGB56367"
"k__Bacteria|p__Firmicutes|c__Clostridia|o__Lachnospirales|f__Lachnospiraceae|g__GGB70757","2|1239|186801|3085636|186803|",0.00274,"","genus","GGB70757"
"k__Bacteria|p__Firmicutes|c__Clostridia|o__Lachnospirales|f__Lachnospiraceae|g__Anthropogastromicrobium","2|1239|186801|3085636|186803|2981630",0.00272,"","genus","Anthropogastromicrobium"
"k__Bacteria|p__Firmicutes|c__Clostridia|o__Lachnospirales|f__Lachnospiraceae|g__GGB3422","2|1239|186801|3085636|186803|",0.00266,"","genus","GGB3422"
"k__Bacteria|p__Firmicutes|c__Clostridia|o__Lachnospirales|f__Lachnospiraceae|g__GGB3585","2|1239|186801|3085636|186803|",0.00261,"","genus","GGB3585"
"k__Bacteria|p__Bacteroidota|c__CFGB56395|o__OFGB56395|f__FGB56395|g__GGB82159","2|976||||",0.00257,"","genus","GGB82159"
"k__Bacteria|p__Firmicutes|c__Clostridia|o__Lachnospirales|f__Lachnospiraceae|g__GGB140833","2|1239|186801|3085636|186803|",0.00237,"","genus","GGB140833"
"k__Bacteria|p__Firmicutes|c__Clostridia|o__Lachnospirales|f__Lachnospiraceae|g__GGB79217","2|1239|186801|3085636|186803|",0.00234,"","genus","GGB79217"
"k__Bacteria|p__Firmicutes|c__Clostridia|o__Eubacteriales|f__Clostridiaceae|g__GGB3550","2|1239|186801|186802|31979|",0.00232,"","genus","GGB3550"
"k__Bacteria|p__Firmicutes|c__Clostridia|o__Lachnospirales|f__Lachnospiraceae|g__GGB3609","2|1239|186801|3085636|186803|",0.00231,"","genus","GGB3609"
"k__Bacteria|p__Firmicutes|c__Clostridia|o__Lachnospirales|f__Lachnospiraceae|g__GGB74800","2|1239|186801|3085636|186803|",0.00229,"","genus","GGB74800"
"k__Bacteria|p__Bacteroidota|c__Bacteroidia|o__Bacteroidales|f__Rikenellaceae|g__GGB1683","2|976|200643|171549|171550|",0.00227,"","genus","GGB1683"
"k__Bacteria|p__Firmicutes|c__Erysipelotrichia|o__Erysipelotrichales|f__Erysipelotrichaceae|g__GGB47243","2|1239|526524|526525|128827|",0.00226,"","genus","GGB47243"
"k__Bacteria|p__Firmicutes|c__Clostridia|o__Lachnospirales|f__Lachnospiraceae|g__GGB85871","2|1239|186801|3085636|186803|",0.00224,"","genus","GGB85871"
"k__Bacteria|p__Actinomycetota|c__Coriobacteriia|o__Eggerthellales|f__Eggerthellaceae|g__Arabiibacter","2|201174|84998|1643822|1643826|2005386",0.00216,"","genus","Arabiibacter"
"k__Bacteria|p__Firmicutes|c__CFGB38303|o__OFGB38303|f__FGB38303|g__GGB38303","2|1239||||",0.0021,"","genus","GGB38303"
"k__Bacteria|p__Bacteroidota|c__Bacteroidia|o__Bacteroidales|f__Rikenellaceae|g__GGB141603","2|976|200643|171549|171550|",0.00206,"","genus","GGB141603"
"k__Bacteria|p__Firmicutes|c__Clostridia|o__Eubacteriales|f__Oscillospiraceae|g__GGB9645","2|1239|186801|186802|216572|",0.00206,"","genus","GGB9645"
"k__Bacteria|p__Firmicutes|c__Clostridia|o__Lachnospirales|f__Lachnospiraceae|g__GGB33386","2|1239|186801|3085636|186803|",0.00205,"","genus","GGB33386"
"k__Bacteria|p__Bacteroidota|c__CFGB95179|o__OFGB95179|f__FGB95179|g__GGB47740","2|976||||",0.00195,"","genus","GGB47740"
"k__Bacteria|p__Bacteroidota|c__Bacteroidia|o__Bacteroidales|f__Rikenellaceae|g__GGB101768","2|976|200643|171549|171550|",0.00192,"","genus","GGB101768"
"k__Bacteria|p__Bacteroidota|c__Bacteroidia|o__Bacteroidales|f__Prevotellaceae|g__GGB1343","2|976|200643|171549|171552|",0.00189,"","genus","GGB1343"
"k__Bacteria|p__Firmicutes|c__Clostridia|o__Lachnospirales|f__Lachnospiraceae|g__GGB3507","2|1239|186801|3085636|186803|",0.00189,"","genus","GGB3507"
"k__Bacteria|p__Firmicutes|c__CFGB49375|o__OFGB49375|f__FGB49375|g__GGB79207","2|1239||||",0.00181,"","genus","GGB79207"
"k__Bacteria|p__Firmicutes|c__Clostridia|o__Lachnospirales|f__Lachnospiraceae|g__GGB115982","2|1239|186801|3085636|186803|",0.00178,"","genus","GGB115982"
"k__Bacteria|p__Firmicutes|c__Clostridia|o__Eubacteriales|f__Oscillospiraceae|g__GGB45515","2|1239|186801|186802|216572|",0.0017,"","genus","GGB45515"
"k__Bacteria|p__Bacteroidota|c__CFGB56395|o__OFGB56395|f__FGB56395|g__GGB82163","2|976||||",0.00169,"","genus","GGB82163"
"k__Bacteria|p__Bacteroidota|c__Bacteroidia|o__Bacteroidales|f__Prevotellaceae|g__GGB77002","2|976|200643|171549|171552|",0.00166,"","genus","GGB77002"
"k__Bacteria|p__Bacteroidota|c__Bacteroidia|o__Bacteroidales|f__Rikenellaceae|g__GGB50442","2|976|200643|171549|171550|",0.00165,"","genus","GGB50442"
"k__Bacteria|p__Firmicutes|c__Clostridia|o__Lachnospirales|f__Lachnospiraceae|g__Novisyntrophococcus","2|1239|186801|3085636|186803|2888809",0.00162,"","genus","Novisyntrophococcus"
"k__Bacteria|p__Firmicutes|c__Clostridia|o__Lachnospirales|f__Lachnospiraceae|g__GGB115905","2|1239|186801|3085636|186803|",0.0016,"","genus","GGB115905"
"k__Bacteria|p__Bacteroidota|c__Bacteroidia|o__Bacteroidales|f__Bacteroidaceae|g__GGB102231","2|976|200643|171549|815|",0.00158,"","genus","GGB102231"
"k__Bacteria|p__Bacteroidota|c__Bacteroidia|o__Bacteroidales|f__Rikenellaceae|g__GGB46028","2|976|200643|171549|171550|",0.00155,"","genus","GGB46028"
"k__Bacteria|p__Firmicutes|c__Clostridia|o__Lachnospirales|f__Lachnospiraceae|g__Muricomes","2|1239|186801|3085636|186803|1918542",0.00152,"","genus","Muricomes"
"k__Bacteria|p__Firmicutes|c__Erysipelotrichia|o__Erysipelotrichales|f__Erysipelotrichaceae|g__GGB50864","2|1239|526524|526525|128827|",0.0015,"","genus","GGB50864"
"k__Bacteria|p__Firmicutes|c__Clostridia|o__Lachnospirales|f__Lachnospiraceae|g__GGB51393","2|1239|186801|3085636|186803|",0.00144,"","genus","GGB51393"
"k__Bacteria|p__Bacteroidota|c__CFGB93979|o__OFGB93979|f__FGB93979|g__GGB81566","2|976||||",0.00139,"","genus","GGB81566"
"k__Bacteria|p__Bacteroidota|c__CFGB18812|o__OFGB18812|f__FGB18812|g__GGB97143","2|976||||",0.00135,"","genus","GGB97143"
"k__Bacteria|p__Firmicutes|c__Erysipelotrichia|o__Erysipelotrichales|f__Erysipelotrichaceae|g__GGB3041","2|1239|526524|526525|128827|",0.00133,"","genus","GGB3041"
"k__Bacteria|p__Firmicutes|c__Clostridia|o__Lachnospirales|f__Lachnospiraceae|g__GGB115978","2|1239|186801|3085636|186803|",0.0013,"","genus","GGB115978"
"k__Bacteria|p__Actinomycetota|c__CFGB9429|o__OFGB9429|f__FGB9429|g__GGB71501","2|201174||||",0.00128,"","genus","GGB71501"
"k__Bacteria|p__Firmicutes|c__Clostridia|o__Lachnospirales|f__Lachnospiraceae|g__GGB3504","2|1239|186801|3085636|186803|",0.00127,"","genus","GGB3504"
"k__Bacteria|p__Firmicutes|c__Clostridia|o__Lachnospirales|f__Lachnospiraceae|g__GGB116031","2|1239|186801|3085636|186803|",0.00126,"","genus","GGB116031"
"k__Bacteria|p__Firmicutes|c__Clostridia|o__Peptostreptococcales|f__Peptostreptococcaceae|g__GGB50802","2|1239|186801|3082720|186804|",0.00125,"","genus","GGB50802"
"k__Bacteria|p__Bacteroidota|c__Bacteroidia|o__Bacteroidales|f__Tannerellaceae|g__GGB77017","2|976|200643|171549|2005525|",0.00125,"","genus","GGB77017"
"k__Bacteria|p__Bacteroidota|c__Bacteroidia|o__Bacteroidales|f__Bacteroidaceae|g__GGB82108","2|976|200643|171549|815|",0.00118,"","genus","GGB82108"
"k__Bacteria|p__Firmicutes|c__Clostridia|o__Lachnospirales|f__Lachnospiraceae|g__GGB75105","2|1239|186801|3085636|186803|",0.00117,"","genus","GGB75105"
"k__Bacteria|p__Bacteroidota|c__CFGB77894|o__OFGB77894|f__FGB77894|g__GGB112612","2|976||||",0.00114,"","genus","GGB112612"
"k__Bacteria|p__Bacteroidota|c__CFGB1670|o__OFGB1670|f__FGB1670|g__GGB47686","2|976||||",0.00112,"","genus","GGB47686"
"k__Bacteria|p__Firmicutes|c__Clostridia|o__Lachnospirales|f__Lachnospiraceae|g__GGB42690","2|1239|186801|3085636|186803|",0.00111,"","genus","GGB42690"
"k__Bacteria|p__Firmicutes|c__CFGB54835|o__OFGB54835|f__FGB54835|g__GGB57988","2|1239||||",0.0011,"","genus","GGB57988"
"k__Bacteria|p__Firmicutes|c__Clostridia|o__Eubacteriales|f__Eubacteriales_unclassified|g__Eubacteriales_unclassified","2|1239|186801|186802||",0.00109,"","genus","Eubacteriales_unclassified"
"k__Bacteria|p__Bacteroidota|c__CFGB56395|o__OFGB56395|f__FGB56395|g__GGB56396","2|976||||",0.00106,"","genus","GGB56396"
"k__Bacteria|p__Firmicutes|c__Clostridia|o__Eubacteriales|f__Oscillospiraceae|g__Oscillospiraceae_unclassified","2|1239|186801|186802|216572|",0.00105,"","genus","Oscillospiraceae_unclassified"
"k__Bacteria|p__Firmicutes|c__Clostridia|o__Lachnospirales|f__Lachnospiraceae|g__Wansuia","2|1239|186801|3085636|186803|2944198",0.00105,"","genus","Wansuia"
"k__Bacteria|p__Bacteroidota|c__Bacteroidia|o__Bacteroidales|f__Rikenellaceae|g__GGB70900","2|976|200643|171549|171550|",0.00104,"","genus","GGB70900"
"k__Bacteria|p__Firmicutes|c__Clostridia|o__Lachnospirales|f__Lachnospiraceae|g__GGB140835","2|1239|186801|3085636|186803|",0.00102,"","genus","GGB140835"
"k__Bacteria|p__Firmicutes|c__Clostridia|o__Lachnospirales|f__Lachnospiraceae|g__Merdimonas","2|1239|186801|3085636|186803|2023266",0.00101,"","genus","Merdimonas"
"k__Bacteria|p__Firmicutes|c__CFGB1470|o__OFGB1470|f__FGB1470|g__GGB85981","2|1239||||",0.00099,"","genus","GGB85981"
"k__Bacteria|p__Firmicutes|c__CFGB9595|o__OFGB9595|f__FGB9595|g__GGB37458","2|1239||||",0.00098,"","genus","GGB37458"
"k__Bacteria|p__Bacteroidota|c__CFGB7509|o__OFGB7509|f__FGB7509|g__GGB47745","2|976||||",0.00097,"","genus","GGB47745"
"k__Bacteria|p__Firmicutes|c__Clostridia|o__Lachnospirales|f__Lachnospiraceae|g__GGB86052","2|1239|186801|3085636|186803|",0.00097,"","genus","GGB86052"
"k__Bacteria|p__Firmicutes|c__CFGB73039|o__OFGB73039|f__FGB73039|g__GGB29262","2|1239||||",0.00096,"","genus","GGB29262"
"k__Bacteria|p__Firmicutes|c__Clostridia|o__Lachnospirales|f__Lachnospiraceae|g__GGB42650","2|1239|186801|3085636|186803|",0.00096,"","genus","GGB42650"
"k__Bacteria|p__Bacteroidota|c__CFGB35473|o__OFGB35473|f__FGB35473|g__GGB76977","2|976||||",0.00095,"","genus","GGB76977"
"k__Bacteria|p__Bacteroidota|c__Bacteroidia|o__Bacteroidales|f__Bacteroidaceae|g__GGB102238","2|976|200643|171549|815|",0.00094,"","genus","GGB102238"
"k__Bacteria|p__Firmicutes|c__CFGB38303|o__OFGB38303|f__FGB38303|g__GGB86355","2|1239||||",0.00094,"","genus","GGB86355"
"k__Bacteria|p__Bacteroidota|c__Bacteroidia|o__Bacteroidales|f__Prevotellaceae|g__GGB112677","2|976|200643|171549|171552|",0.00091,"","genus","GGB112677"
"k__Bacteria|p__Bacteroidota|c__CFGB56395|o__OFGB56395|f__FGB56395|g__GGB82165","2|976||||",0.00086,"","genus","GGB82165"
"k__Bacteria|p__Firmicutes|c__Clostridia|o__Lachnospirales|f__Lachnospiraceae|g__GGB42688","2|1239|186801|3085636|186803|",0.00085,"","genus","GGB42688"
"k__Bacteria|p__Firmicutes|c__Clostridia|o__Lachnospirales|f__Lachnospiraceae|g__GGB116033","2|1239|186801|3085636|186803|",0.00083,"","genus","GGB116033"
"k__Bacteria|p__Firmicutes|c__CFGB72939|o__OFGB72939|f__FGB72939|g__GGB85874","2|1239||||",0.00083,"","genus","GGB85874"
"k__Bacteria|p__Bacteroidota|c__Bacteroidia|o__Bacteroidales|f__Rikenellaceae|g__GGB75876","2|976|200643|171549|171550|",0.00079,"","genus","GGB75876"
"k__Bacteria|p__Bacteroidota|c__Bacteroidia|o__Bacteroidales|f__Rikenellaceae|g__GGB50441","2|976|200643|171549|171550|",0.00078,"","genus","GGB50441"
"k__Bacteria|p__Firmicutes|c__Clostridia|o__Lachnospirales|f__Lachnospiraceae|g__GGB79216","2|1239|186801|3085636|186803|",0.00076,"","genus","GGB79216"
"k__Bacteria|p__Firmicutes|c__CFGB49392|o__OFGB49392|f__FGB49392|g__GGB51255","2|1239||||",0.00074,"","genus","GGB51255"
"k__Bacteria|p__Bacteroidota|c__Bacteroidia|o__Bacteroidales|f__Bacteroidaceae|g__GGB102258","2|976|200643|171549|815|",0.00072,"","genus","GGB102258"
"k__Bacteria|p__Bacteroidota|c__CFGB14953|o__OFGB14953|f__FGB14953|g__GGB101790","2|976||||",0.00069,"","genus","GGB101790"
"k__Bacteria|p__Firmicutes|c__Clostridia|o__Lachnospirales|f__Lachnospiraceae|g__GGB85881","2|1239|186801|3085636|186803|",0.00068,"","genus","GGB85881"
"k__Bacteria|p__Firmicutes|c__Clostridia|o__Eubacteriales|f__Eubacteriaceae|g__GGB86416","2|1239|186801|186802|186806|",0.00066,"","genus","GGB86416"
"k__Bacteria|p__Firmicutes|c__CFGB1349|o__OFGB1349|f__FGB1349|g__GGB101319","2|1239||||",0.00065,"","genus","GGB101319"
"k__Bacteria|p__Firmicutes|c__Clostridia|o__Eubacteriales|f__Oscillospiraceae|g__GGB128489","2|1239|186801|186802|216572|",0.00064,"","genus","GGB128489"
"k__Bacteria|p__Firmicutes|c__Negativicutes|o__Selenomonadales|f__Selenomonadaceae|g__GGB142864","2|1239|909932|909929|1843491|",0.00063,"","genus","GGB142864"
"k__Bacteria|p__Actinomycetota|c__CFGB5815|o__OFGB5815|f__FGB5815|g__GGB17249","2|201174||||",0.00063,"","genus","GGB17249"
"k__Bacteria|p__Firmicutes|c__Clostridia|o__Lachnospirales|f__Lachnospiraceae|g__GGB42685","2|1239|186801|3085636|186803|",6e-04,"","genus","GGB42685"
"k__Bacteria|p__Bacteroidota|c__Bacteroidia|o__Bacteroidales|f__Rikenellaceae|g__GGB81812","2|976|200643|171549|171550|",0.00055,"","genus","GGB81812"
"k__Bacteria|p__Bacteroidota|c__CFGB37155|o__OFGB37155|f__FGB37155|g__GGB81813","2|976||||",0.00055,"","genus","GGB81813"
"k__Bacteria|p__Bacteroidota|c__Bacteroidia|o__Bacteroidales|f__Rikenellaceae|g__GGB111991","2|976|200643|171549|171550|",0.00053,"","genus","GGB111991"
"k__Bacteria|p__Firmicutes|c__CFGB9590|o__OFGB9590|f__FGB9590|g__GGB86321","2|1239||||",5e-04,"","genus","GGB86321"
"k__Bacteria|p__Firmicutes|c__CFGB38303|o__OFGB38303|f__FGB38303|g__GGB79222","2|1239||||",0.00047,"","genus","GGB79222"
"k__Bacteria|p__Actinomycetota|c__Coriobacteriia|o__Eggerthellales|f__Eggerthellaceae|g__Paraeggerthella","2|201174|84998|1643822|1643826|651554",0.00047,"","genus","Paraeggerthella"
"k__Bacteria|p__Firmicutes|c__CFGB38303|o__OFGB38303|f__FGB38303|g__GGB13196","2|1239||||",0.00046,"","genus","GGB13196"
"k__Bacteria|p__Firmicutes|c__Clostridia|o__Lachnospirales|f__Lachnospiraceae|g__GGB3606","2|1239|186801|3085636|186803|",0.00045,"","genus","GGB3606"
"k__Bacteria|p__Firmicutes|c__Clostridia|o__Peptostreptococcales|f__Peptostreptococcaceae|g__GGB47186","2|1239|186801|3082720|186804|",0.00045,"","genus","GGB47186"
"k__Bacteria|p__Firmicutes|c__Bacillota_unclassified|o__Bacillota_unclassified|f__Bacillota_unclassified|g__GGB9512","2|1239||||",0.00045,"","genus","GGB9512"
"k__Bacteria|p__Actinomycetota|c__Coriobacteriia|o__Eggerthellales|f__Eggerthellaceae|g__Berryella","2|201174|84998|1643822|1643826|2815775",0.00044,"","genus","Berryella"
"k__Bacteria|p__Firmicutes|c__Clostridia|o__Lachnospirales|f__Lachnospiraceae|g__GGB115953","2|1239|186801|3085636|186803|",0.00044,"","genus","GGB115953"
"k__Bacteria|p__Firmicutes|c__Clostridia|o__Lachnospirales|f__Lachnospiraceae|g__GGB42687","2|1239|186801|3085636|186803|",0.00039,"","genus","GGB42687"
"k__Bacteria|p__Firmicutes|c__Clostridia|o__Lachnospirales|f__Lachnospiraceae|g__GGB40600","2|1239|186801|3085636|186803|",0.00038,"","genus","GGB40600"
"k__Bacteria|p__Firmicutes|c__CFGB35068|o__OFGB35068|f__FGB35068|g__GGB25220","2|1239||||",0.00035,"","genus","GGB25220"
"k__Bacteria|p__Firmicutes|c__Clostridia|o__Lachnospirales|f__Lachnospiraceae|g__GGB141869","2|1239|186801|3085636|186803|",0.00032,"","genus","GGB141869"
"k__Bacteria|p__Firmicutes|c__Clostridia|o__Lachnospirales|f__Lachnospiraceae|g__GGB42683","2|1239|186801|3085636|186803|",0.00031,"","genus","GGB42683"
"k__Bacteria|p__Firmicutes|c__Clostridia|o__Lachnospirales|f__Lachnospiraceae|g__GGB42692","2|1239|186801|3085636|186803|",0.00031,"","genus","GGB42692"
"k__Bacteria|p__Firmicutes|c__Clostridia|o__Lachnospirales|f__Lachnospiraceae|g__GGB79345","2|1239|186801|3085636|186803|",3e-04,"","genus","GGB79345"
"k__Bacteria|p__Bacteroidota|c__Bacteroidia|o__Bacteroidales|f__Rikenellaceae|g__GGB111987","2|976|200643|171549|171550|",0.00025,"","genus","GGB111987"
"k__Bacteria|p__Firmicutes|c__CFGB38303|o__OFGB38303|f__FGB38303|g__GGB86362","2|1239||||",0.00025,"","genus","GGB86362"
"k__Bacteria|p__Bacteroidota|c__CFGB95176|o__OFGB95176|f__FGB95176|g__GGB142017","2|976||||",0.00024,"","genus","GGB142017"
"k__Bacteria|p__Firmicutes|c__CFGB78785|o__OFGB78785|f__FGB78785|g__GGB85844","2|1239||||",0.00022,"","genus","GGB85844"
"k__Bacteria|p__Firmicutes|c__CFGB95106|o__OFGB95106|f__FGB95106|g__GGB42669","2|1239||||",2e-04,"","genus","GGB42669"
"k__Bacteria|p__Bacteroidota|c__CFGB94501|o__OFGB94501|f__FGB94501|g__GGB82150","2|976||||",2e-04,"","genus","GGB82150"
"k__Bacteria|p__Firmicutes|c__Clostridia|o__Lachnospirales|f__Lachnospiraceae|g__Konateibacter","2|1239|186801|3085636|186803|2912950",2e-04,"","genus","Konateibacter"
"k__Bacteria|p__Bacteroidota|c__Bacteroidia|o__Bacteroidales|f__Odoribacteraceae|g__GGB111769","2|976|200643|171549|1853231|",0.00019,"","genus","GGB111769"
"k__Bacteria|p__Bacteroidota|c__CFGB95139|o__OFGB95139|f__FGB95139|g__GGB141875","2|976||||",0.00019,"","genus","GGB141875"
"k__Bacteria|p__Firmicutes|c__Clostridia|o__Eubacteriales|f__Eubacteriaceae|g__GGB3722","2|1239|186801|186802|186806|",0.00018,"","genus","GGB3722"
"k__Bacteria|p__Bacteroidota|c__Bacteroidia|o__Bacteroidales|f__Rikenellaceae|g__GGB76883","2|976|200643|171549|171550|",0.00018,"","genus","GGB76883"
"k__Bacteria|p__Bacteroidota|c__Bacteroidia|o__Bacteroidales|f__Rikenellaceae|g__GGB111989","2|976|200643|171549|171550|",0.00016,"","genus","GGB111989"
"k__Bacteria|p__Actinomycetota|c__Coriobacteriia|o__Coriobacteriales|f__Coriobacteriaceae|g__GGB48215","2|201174|84998|84999|84107|",0.00016,"","genus","GGB48215"
"k__Bacteria|p__Bacteroidota|c__CFGB56395|o__OFGB56395|f__FGB56395|g__GGB56395","2|976||||",0.00016,"","genus","GGB56395"
"k__Bacteria|p__Firmicutes|c__Clostridia|o__Clostridia_unclassified|f__Clostridia_unclassified|g__GGB115920","2|1239|186801|||",0.00014,"","genus","GGB115920"
"k__Bacteria|p__Actinomycetota|c__CFGB30079|o__OFGB30079|f__FGB30079|g__GGB30063","2|201174||||",0.00012,"","genus","GGB30063"
"k__Bacteria|p__Firmicutes|c__Clostridia|o__Lachnospirales|f__Lachnospiraceae|g__GGB75107","2|1239|186801|3085636|186803|",0.00011,"","genus","GGB75107"
"k__Bacteria|p__Bacteroidota|c__Bacteroidia|o__Bacteroidales|f__Tannerellaceae|g__GGB1410","2|976|200643|171549|2005525|",1e-04,"","genus","GGB1410"
"k__Bacteria|p__Bacteroidota|c__CFGB27949|o__OFGB27949|f__FGB27949|g__GGB47749","2|976||||",1e-04,"","genus","GGB47749"
"k__Bacteria|p__Firmicutes|c__Clostridia|o__Lachnospirales|f__Lachnospiraceae|g__GGB87474","2|1239|186801|3085636|186803|",8e-05,"","genus","GGB87474"
"k__Bacteria|p__Bacteroidota|c__CFGB82164|o__OFGB82164|f__FGB82164|g__GGB97216","2|976||||",8e-05,"","genus","GGB97216"
"k__Bacteria|p__Firmicutes|c__Clostridia|o__Lachnospirales|f__Lachnospiraceae|g__GGB142051","2|1239|186801|3085636|186803|",7e-05,"","genus","GGB142051"
"k__Bacteria|p__Bacteroidota|c__CFGB5778|o__OFGB5778|f__FGB5778|g__GGB17168","2|976||||",6e-05,"","genus","GGB17168"
"k__Bacteria|p__Firmicutes|c__CFGB49339|o__OFGB49339|f__FGB49339|g__GGB48080","2|1239||||",6e-05,"","genus","GGB48080"
"k__Bacteria|p__Firmicutes|c__Erysipelotrichia|o__Erysipelotrichales|f__Coprobacillaceae|g__Tannockella","2|1239|526524|526525|2810280|2943184",6e-05,"","genus","Tannockella"
